# Blender 4.4.3
# www.blender.org
mtllib kids_female_L.mtl
o kid_body_M
v 12.136310 5.953612 -6.331316
v 11.885022 1.175531 -6.711127
v 12.136310 5.953612 -5.768615
v 11.885022 1.175531 -5.404387
v 12.626799 1.175531 -6.539819
v 12.626799 1.175531 -5.460181
v 12.033833 1.175531 -6.539819
v 12.033833 1.175531 -5.460181
v 12.144237 0.049922 -6.227668
v 12.144237 0.049922 -5.772332
v 12.516395 0.049922 -6.227668
v 12.516395 0.049922 -5.772332
v 12.039966 1.112997 -5.477523
v 12.620666 1.112997 -5.477523
v 12.039966 1.112997 -6.522477
v 12.620666 1.112997 -6.522477
v 12.402008 1.175531 -6.780132
v 12.598065 5.953612 -5.715189
v 12.397090 1.175531 -5.368710
v 12.598065 5.953612 -6.433856
v 12.686825 5.953612 -5.704919
v 12.715097 5.953612 -6.327914
v 11.692760 1.175531 -7.000000
v 11.692760 1.175531 -5.099931
v 12.391652 1.175531 -7.102540
v 12.391652 1.175531 -5.046505
v 12.093706 5.494662 -5.704386
v 12.093706 5.494662 -6.395545
v 12.578239 5.494662 -6.498085
v 12.578239 5.494662 -5.650959
v 13.863690 5.953612 -6.331316
v 14.114978 1.175531 -6.711127
v 13.863690 5.953612 -5.768615
v 14.114978 1.175531 -5.404387
v 13.373201 1.175531 -6.539819
v 13.373201 1.175531 -5.460181
v 13.966167 1.175531 -6.539819
v 13.966167 1.175531 -5.460181
v 13.855763 0.049922 -6.227668
v 13.855763 0.049922 -5.772332
v 13.483605 0.049922 -6.227668
v 13.483605 0.049922 -5.772332
v 13.000000 1.175531 -7.191795
v 13.000000 5.953612 -5.668684
v 13.000000 1.175531 -5.000000
v 13.000000 5.953612 -6.523111
v 13.960034 1.112997 -5.477523
v 13.379334 1.112997 -5.477523
v 13.960034 1.112997 -6.522477
v 13.379334 1.112997 -6.522477
v 13.597992 1.175531 -6.780132
v 13.401935 5.953612 -5.715189
v 13.602910 1.175531 -5.368710
v 13.401935 5.953612 -6.433856
v 13.000000 4.810162 -5.508660
v 13.000000 5.002317 -5.535552
v 13.313175 5.953612 -5.704919
v 13.000000 5.953612 -6.440725
v 13.284903 5.953612 -6.327914
v 14.307240 1.175531 -7.000000
v 14.307240 1.175531 -5.099931
v 13.608348 1.175531 -7.102540
v 13.608348 1.175531 -5.046505
v 13.000000 1.175531 -5.338749
v 13.000000 1.175531 -6.837102
v 13.906294 5.494662 -5.704386
v 13.906294 5.494662 -6.395545
v 13.000000 5.494662 -6.587340
v 13.000000 4.461044 -5.459802
v 13.421761 5.494662 -6.498085
v 13.421761 5.494662 -5.650959
v 12.144237 0.049922 -6.227668
v 12.144237 0.049922 -5.772332
v 12.516395 0.049922 -6.227668
v 12.516395 0.049922 -5.772332
v 13.855763 0.049922 -6.227668
v 13.855763 0.049922 -5.772332
v 13.483605 0.049922 -6.227668
v 13.483605 0.049922 -5.772332
vn -0.0000 1.0000 -0.0000
vn -0.1110 0.1451 0.9832
vn -0.9957 0.0924 -0.0000
vn -0.0000 -0.2672 0.9636
vn -0.9952 -0.0976 -0.0000
vn 0.9952 -0.0976 -0.0000
vn -0.0000 -0.2672 -0.9636
vn -0.2097 0.1400 -0.9677
vn -0.0000 -1.0000 -0.0000
vn -0.2094 0.1495 -0.9663
vn -0.1044 0.1404 0.9846
vn -0.1138 0.1377 0.9839
vn -0.0869 0.1402 0.9863
vn -0.1689 0.1479 -0.9745
vn -0.1691 0.1402 -0.9756
vn -0.0890 0.1440 0.9856
vn 0.1110 0.1451 0.9832
vn 0.9957 0.0924 -0.0000
vn 0.2097 0.1400 -0.9677
vn 0.2094 0.1495 -0.9663
vn 0.1044 0.1404 0.9846
vn 0.1138 0.1377 0.9839
vn 0.0869 0.1402 0.9863
vn 0.1689 0.1479 -0.9745
vn 0.1691 0.1402 -0.9756
vn 0.0890 0.1440 0.9856
vt 0.808171 0.500000
vt 0.875000 0.500000
vt 0.875000 0.750000
vt 0.808171 0.750000
vt 0.600987 0.933171
vt 0.625000 0.933171
vt 0.625000 1.000000
vt 0.600987 1.000000
vt 0.600987 0.000000
vt 0.625000 0.000000
vt 0.625000 0.250000
vt 0.600987 0.250000
vt 0.375000 0.750000
vt 0.125000 0.750000
vt 0.125000 0.750000
vt 0.125000 0.500000
vt 0.375000 0.500000
vt 0.600987 0.316829
vt 0.625000 0.316829
vt 0.625000 0.375000
vt 0.600987 0.375000
vt 0.192819 0.508726
vt 0.243178 0.508354
vt 0.243178 0.741698
vt 0.192349 0.741324
vt 0.131822 0.509249
vt 0.131822 0.740804
vt 0.546905 0.875000
vt 0.565172 0.875000
vt 0.750000 0.500000
vt 0.791233 0.542762
vt 0.750000 0.524106
vt 0.575226 0.875000
vt 0.625000 0.920325
vt 0.625000 0.875000
vt 0.795325 0.750000
vt 0.750000 0.750000
vt 0.191829 0.500000
vt 0.250000 0.750000
vt 0.191829 0.750000
vt 0.250000 0.500000
vt 0.375000 0.875000
vt 0.375000 0.933171
vt 0.375000 0.250000
vt 0.375000 0.316829
vt 0.375000 0.375000
vt 0.375000 0.000000
vt 0.375000 1.000000
s 0
usemtl vertex_colors
f 20/1/1 1/2/1 3/3/1 18/4/1
f 30/5/2 18/6/2 3/7/2 27/8/2
f 27/9/3 3/10/3 1/11/3 28/12/3
f 14/13/4 13/14/4 10/15/4 12/13/4
f 13/14/5 15/16/5 9/16/5 10/15/5
f 16/17/6 14/13/6 12/13/6 11/17/6
f 15/16/7 16/17/7 11/17/7 9/16/7
f 29/18/8 20/19/8 46/20/8 68/21/8
f 17/22/9 65/23/9 64/24/9 19/25/9
f 7/16/7 5/17/7 16/17/7 15/16/7
f 5/17/6 6/13/6 14/13/6 16/17/6
f 8/15/5 7/16/5 15/16/5 13/14/5
f 6/13/4 8/15/4 13/14/4 14/13/4
f 2/26/9 17/22/9 19/25/9 4/27/9
f 28/12/10 1/11/10 20/19/10 29/18/10
f 69/28/11 55/29/11 18/6/11 30/5/11
f 46/30/1 20/1/1 22/31/1 58/32/1
f 18/6/12 55/29/12 56/33/12 21/34/12
f 21/34/12 56/33/12 44/35/12
f 58/32/1 22/31/1 21/36/1 44/37/1
f 22/31/1 20/1/1 18/4/1 21/36/1
f 2/26/9 4/27/9 24/15/9 23/16/9
f 17/22/9 2/26/9 23/16/9 25/38/9
f 19/25/9 64/24/9 45/39/9 26/40/9
f 65/23/9 17/22/9 25/38/9 43/41/9
f 4/27/9 19/25/9 26/40/9 24/15/9
f 45/42/13 69/28/13 30/5/13 26/43/13
f 23/44/14 28/12/14 29/18/14 25/45/14
f 25/45/15 29/18/15 68/21/15 43/46/15
f 24/47/3 27/9/3 28/12/3 23/44/3
f 26/43/16 30/5/16 27/8/16 24/48/16
f 54/1/1 52/4/1 33/3/1 31/2/1
f 71/5/17 66/8/17 33/7/17 52/6/17
f 66/9/18 67/12/18 31/11/18 33/10/18
f 48/13/4 42/13/4 40/15/4 47/14/4
f 47/14/6 40/15/6 39/16/6 49/16/6
f 50/17/5 41/17/5 42/13/5 48/13/5
f 49/16/7 39/16/7 41/17/7 50/17/7
f 70/18/19 68/21/19 46/20/19 54/19/19
f 51/22/9 53/25/9 64/24/9 65/23/9
f 37/16/7 49/16/7 50/17/7 35/17/7
f 35/17/5 50/17/5 48/13/5 36/13/5
f 38/15/6 47/14/6 49/16/6 37/16/6
f 36/13/4 48/13/4 47/14/4 38/15/4
f 32/26/9 34/27/9 53/25/9 51/22/9
f 67/12/20 70/18/20 54/19/20 31/11/20
f 69/28/21 71/5/21 52/6/21 55/29/21
f 46/30/1 58/32/1 59/31/1 54/1/1
f 52/6/22 57/34/22 56/33/22 55/29/22
f 57/34/22 44/35/22 56/33/22
f 58/32/1 44/37/1 57/36/1 59/31/1
f 59/31/1 57/36/1 52/4/1 54/1/1
f 32/26/9 60/16/9 61/15/9 34/27/9
f 51/22/9 62/38/9 60/16/9 32/26/9
f 53/25/9 63/40/9 45/39/9 64/24/9
f 65/23/9 43/41/9 62/38/9 51/22/9
f 34/27/9 61/15/9 63/40/9 53/25/9
f 45/42/23 63/43/23 71/5/23 69/28/23
f 60/44/24 62/45/24 70/18/24 67/12/24
f 62/45/25 43/46/25 68/21/25 70/18/25
f 61/47/18 60/44/18 67/12/18 66/9/18
f 63/43/26 61/48/26 66/8/26 71/5/26
f 72/16/9 74/17/9 75/13/9 73/15/9
f 76/16/9 77/15/9 79/13/9 78/17/9
o kid_body_M.001
v -6.321323 4.956545 -0.331316
v -6.572611 1.175531 -0.711127
v -6.321323 4.956545 0.231385
v -6.572611 1.175531 0.595614
v -5.830834 1.175531 -0.539819
v -5.830834 1.175531 0.539819
v -6.423801 1.175531 -0.539819
v -6.423801 1.175531 0.539819
v -6.313396 0.049922 -0.227668
v -6.313396 0.049922 0.227668
v -5.941239 0.049922 -0.227668
v -5.941239 0.049922 0.227668
v -6.417667 1.112997 0.522477
v -5.836968 1.112997 0.522477
v -6.417667 1.112997 -0.522477
v -5.836968 1.112997 -0.522477
v -6.055624 1.175531 -0.780132
v -5.859567 4.956545 0.284811
v -6.060543 1.175531 0.631290
v -5.859567 4.956545 -0.433856
v -5.770808 4.956545 0.295081
v -5.742535 4.956545 -0.327914
v -6.764873 1.175531 -1.000000
v -6.764873 1.175531 0.900069
v -6.065981 1.175531 -1.102540
v -6.065981 1.175531 0.953495
v -6.363927 4.497595 0.295614
v -6.363927 4.497595 -0.395545
v -5.879394 4.497595 -0.498085
v -5.879394 4.497595 0.349040
v -4.782861 4.956545 -0.331316
v -4.531573 1.175531 -0.711127
v -4.782861 4.956545 0.231385
v -4.531573 1.175531 0.595614
v -5.273350 1.175531 -0.539819
v -5.273350 1.175531 0.539819
v -4.680383 1.175531 -0.539819
v -4.680383 1.175531 0.539819
v -4.790788 0.049922 -0.227668
v -4.790788 0.049922 0.227668
v -5.162945 0.049922 -0.227668
v -5.162945 0.049922 0.227668
v -5.552092 1.175531 -1.191795
v -5.552092 4.956545 0.331316
v -5.552092 1.175531 1.000000
v -5.552092 4.956545 -0.523111
v -4.686517 1.112997 0.522477
v -5.267216 1.112997 0.522477
v -4.686517 1.112997 -0.522477
v -5.267216 1.112997 -0.522477
v -5.048560 1.175531 -0.780132
v -5.244617 4.956545 0.284811
v -5.043641 1.175531 0.631290
v -5.244617 4.956545 -0.433856
v -5.552092 3.813094 0.491340
v -5.552092 4.005250 0.464448
v -5.333376 4.956545 0.295081
v -5.552092 4.956545 -0.440725
v -5.361649 4.956545 -0.327914
v -4.339312 1.175531 -1.000000
v -4.339312 1.175531 0.900069
v -5.038203 1.175531 -1.102540
v -5.038203 1.175531 0.953495
v -5.552092 1.175531 0.661251
v -5.552092 1.175531 -0.837103
v -4.740257 4.497595 0.295614
v -4.740257 4.497595 -0.395545
v -5.552092 4.497595 -0.587340
v -5.552092 3.463977 0.540198
v -5.224790 4.497595 -0.498085
v -5.224790 4.497595 0.349040
vn -0.0000 1.0000 -0.0000
vn -0.1110 0.1451 0.9832
vn -0.9957 0.0924 -0.0000
vn -0.0000 -1.0000 -0.0000
vn -0.0000 -0.2672 0.9636
vn -0.9952 -0.0976 -0.0000
vn 0.9952 -0.0976 -0.0000
vn -0.0000 -0.2672 -0.9636
vn -0.2681 0.1392 -0.9533
vn -0.2094 0.1495 -0.9663
vn -0.1326 0.1406 0.9812
vn -0.1279 0.1440 0.9813
vn -0.1619 0.1368 0.9773
vn -0.0466 0.1877 0.9811
vn -0.1676 0.1908 -0.9672
vn -0.2042 0.1808 -0.9621
vn -0.9928 0.1198 -0.0000
vn -0.0884 0.1859 0.9786
vn 0.1110 0.1451 0.9832
vn 0.9957 0.0924 -0.0000
vn 0.2681 0.1392 -0.9533
vn 0.2094 0.1495 -0.9663
vn 0.1326 0.1406 0.9812
vn 0.1279 0.1440 0.9813
vn 0.1619 0.1368 0.9773
vn 0.0466 0.1877 0.9811
vn 0.1676 0.1908 -0.9672
vn 0.2042 0.1808 -0.9621
vn 0.9928 0.1198 -0.0000
vn 0.0884 0.1859 0.9786
vt 0.808171 0.500000
vt 0.875000 0.500000
vt 0.875000 0.750000
vt 0.808171 0.750000
vt 0.600987 0.933171
vt 0.625000 0.933171
vt 0.625000 1.000000
vt 0.600987 1.000000
vt 0.600987 0.000000
vt 0.625000 0.000000
vt 0.625000 0.250000
vt 0.600987 0.250000
vt 0.125000 0.500000
vt 0.375000 0.500000
vt 0.375000 0.750000
vt 0.125000 0.750000
vt 0.125000 0.750000
vt 0.600987 0.316829
vt 0.625000 0.316829
vt 0.625000 0.375000
vt 0.600987 0.375000
vt 0.192819 0.508726
vt 0.243178 0.508354
vt 0.243178 0.741698
vt 0.192349 0.741324
vt 0.131822 0.509249
vt 0.131822 0.740804
vt 0.546905 0.875000
vt 0.565172 0.875000
vt 0.750000 0.500000
vt 0.791233 0.542762
vt 0.750000 0.524106
vt 0.575226 0.875000
vt 0.625000 0.920325
vt 0.625000 0.875000
vt 0.795325 0.750000
vt 0.750000 0.750000
vt 0.191829 0.500000
vt 0.250000 0.750000
vt 0.191829 0.750000
vt 0.250000 0.500000
vt 0.375000 0.875000
vt 0.375000 0.933171
vt 0.375000 0.250000
vt 0.375000 0.316829
vt 0.375000 0.375000
vt 0.375000 0.000000
vt 0.375000 1.000000
s 0
usemtl vertex_colors
f 99/49/27 80/50/27 82/51/27 97/52/27
f 109/53/28 97/54/28 82/55/28 106/56/28
f 106/57/29 82/58/29 80/59/29 107/60/29
f 88/61/30 90/62/30 91/63/30 89/64/30
f 93/63/31 92/65/31 89/64/31 91/63/31
f 92/65/32 94/61/32 88/61/32 89/64/32
f 95/62/33 93/63/33 91/63/33 90/62/33
f 94/61/34 95/62/34 90/62/34 88/61/34
f 108/66/35 99/67/35 125/68/35 147/69/35
f 96/70/30 144/71/30 143/72/30 98/73/30
f 86/61/34 84/62/34 95/62/34 94/61/34
f 84/62/33 85/63/33 93/63/33 95/62/33
f 87/64/32 86/61/32 94/61/32 92/65/32
f 85/63/31 87/64/31 92/65/31 93/63/31
f 81/74/30 96/70/30 98/73/30 83/75/30
f 107/60/36 80/59/36 99/67/36 108/66/36
f 148/76/37 134/77/37 97/54/37 109/53/37
f 125/78/27 99/49/27 101/79/27 137/80/27
f 97/54/38 134/77/38 135/81/38 100/82/38
f 100/82/39 135/81/39 123/83/39
f 137/80/27 101/79/27 100/84/27 123/85/27
f 101/79/27 99/49/27 97/52/27 100/84/27
f 81/74/30 83/75/30 103/64/30 102/61/30
f 96/70/30 81/74/30 102/61/30 104/86/30
f 98/73/30 143/72/30 124/87/30 105/88/30
f 144/71/30 96/70/30 104/86/30 122/89/30
f 83/75/30 98/73/30 105/88/30 103/64/30
f 124/90/40 148/76/40 109/53/40 105/91/40
f 102/92/41 107/60/41 108/66/41 104/93/41
f 104/93/42 108/66/42 147/69/42 122/94/42
f 103/95/43 106/57/43 107/60/43 102/92/43
f 105/91/44 109/53/44 106/56/44 103/96/44
f 133/49/27 131/52/27 112/51/27 110/50/27
f 150/53/45 145/56/45 112/55/45 131/54/45
f 145/57/46 146/60/46 110/59/46 112/58/46
f 118/61/30 119/64/30 121/63/30 120/62/30
f 127/63/31 121/63/31 119/64/31 126/65/31
f 126/65/33 119/64/33 118/61/33 128/61/33
f 129/62/32 120/62/32 121/63/32 127/63/32
f 128/61/34 118/61/34 120/62/34 129/62/34
f 149/66/47 147/69/47 125/68/47 133/67/47
f 130/70/30 132/73/30 143/72/30 144/71/30
f 116/61/34 128/61/34 129/62/34 114/62/34
f 114/62/32 129/62/32 127/63/32 115/63/32
f 117/64/33 126/65/33 128/61/33 116/61/33
f 115/63/31 127/63/31 126/65/31 117/64/31
f 111/74/30 113/75/30 132/73/30 130/70/30
f 146/60/48 149/66/48 133/67/48 110/59/48
f 148/76/49 150/53/49 131/54/49 134/77/49
f 125/78/27 137/80/27 138/79/27 133/49/27
f 131/54/50 136/82/50 135/81/50 134/77/50
f 136/82/51 123/83/51 135/81/51
f 137/80/27 123/85/27 136/84/27 138/79/27
f 138/79/27 136/84/27 131/52/27 133/49/27
f 111/74/30 139/61/30 140/64/30 113/75/30
f 130/70/30 141/86/30 139/61/30 111/74/30
f 132/73/30 142/88/30 124/87/30 143/72/30
f 144/71/30 122/89/30 141/86/30 130/70/30
f 113/75/30 140/64/30 142/88/30 132/73/30
f 124/90/52 142/91/52 150/53/52 148/76/52
f 139/92/53 141/93/53 149/66/53 146/60/53
f 141/93/54 122/94/54 147/69/54 149/66/54
f 140/95/55 139/92/55 146/60/55 145/57/55
f 142/91/56 140/96/56 145/56/56 150/53/56
o kid_body_M.002
v 5.088978 6.669401 -0.331316
v 4.837690 1.411679 -0.711127
v 5.088978 6.669401 0.231385
v 4.837690 1.411679 0.595614
v 5.354677 1.411679 -0.780132
v 5.550734 6.669401 0.284811
v 5.349758 1.411679 0.631290
v 5.550734 6.669401 -0.433856
v 5.639493 6.669401 0.295081
v 5.667766 6.669401 -0.327914
v 4.645429 1.411679 -1.000000
v 4.645429 1.411679 0.900069
v 5.344320 1.411679 -1.102540
v 5.344320 1.411679 0.953495
v 5.046374 6.210452 0.295614
v 5.046374 6.210452 -0.395545
v 5.530907 6.210452 -0.498085
v 5.530907 6.210452 0.349040
v 6.854842 6.669401 -0.331316
v 7.106130 1.411679 -0.711127
v 6.854842 6.669401 0.231385
v 7.106130 1.411679 0.595614
v 5.971910 1.411679 -1.191795
v 5.971910 6.669401 0.331316
v 5.971910 1.411679 1.000000
v 5.971910 6.669401 -0.523111
v 6.589143 1.411679 -0.780132
v 6.393086 6.669401 0.284811
v 6.594062 1.411679 0.631290
v 6.393086 6.669401 -0.433856
v 5.971910 5.525951 0.491340
v 5.971910 5.718106 0.464448
v 6.304327 6.669401 0.295081
v 5.971910 6.669401 -0.440725
v 6.276054 6.669401 -0.327914
v 7.298391 1.411679 -1.000000
v 7.298391 1.411679 0.900069
v 6.599500 1.411679 -1.102540
v 6.599500 1.411679 0.953495
v 5.971910 1.411679 0.661251
v 5.971910 1.411679 -0.837103
v 6.897446 6.210452 0.295614
v 6.897446 6.210452 -0.395545
v 5.971910 6.210452 -0.587340
v 5.971910 5.176833 0.540198
v 6.412913 6.210452 -0.498085
v 6.412913 6.210452 0.349040
vn -0.0000 1.0000 -0.0000
vn -0.1110 0.1451 0.9832
vn -0.9957 0.0924 -0.0000
vn -0.2007 0.1400 -0.9696
vn -0.0000 -1.0000 -0.0000
vn -0.2094 0.1495 -0.9663
vn -0.1001 0.1403 0.9850
vn -0.1113 0.1366 0.9844
vn -0.1073 0.1378 0.9846
vn -0.0988 0.1248 0.9872
vn -0.1692 0.1334 -0.9765
vn -0.1634 0.1264 -0.9784
vn -0.9965 0.0833 -0.0000
vn -0.0892 0.1298 0.9875
vn 0.1110 0.1451 0.9832
vn 0.9957 0.0924 -0.0000
vn 0.2007 0.1400 -0.9696
vn 0.2094 0.1495 -0.9663
vn 0.1001 0.1403 0.9850
vn 0.1113 0.1366 0.9844
vn 0.1073 0.1378 0.9846
vn 0.0988 0.1248 0.9872
vn 0.1692 0.1334 -0.9765
vn 0.1634 0.1264 -0.9784
vn 0.9965 0.0833 -0.0000
vn 0.0892 0.1298 0.9875
vt 0.808171 0.500000
vt 0.875000 0.500000
vt 0.875000 0.750000
vt 0.808171 0.750000
vt 0.600987 0.933171
vt 0.625000 0.933171
vt 0.625000 1.000000
vt 0.600987 1.000000
vt 0.600987 0.000000
vt 0.625000 0.000000
vt 0.625000 0.250000
vt 0.600987 0.250000
vt 0.600987 0.316829
vt 0.625000 0.316829
vt 0.625000 0.375000
vt 0.600987 0.375000
vt 0.192819 0.508726
vt 0.243178 0.508354
vt 0.243178 0.741698
vt 0.192349 0.741324
vt 0.131822 0.509249
vt 0.131822 0.740804
vt 0.546905 0.875000
vt 0.565172 0.875000
vt 0.750000 0.500000
vt 0.791233 0.542762
vt 0.750000 0.524106
vt 0.575226 0.875000
vt 0.625000 0.920325
vt 0.625000 0.875000
vt 0.795325 0.750000
vt 0.750000 0.750000
vt 0.125000 0.750000
vt 0.125000 0.500000
vt 0.191829 0.500000
vt 0.250000 0.750000
vt 0.191829 0.750000
vt 0.250000 0.500000
vt 0.375000 0.875000
vt 0.375000 0.933171
vt 0.375000 0.250000
vt 0.375000 0.316829
vt 0.375000 0.375000
vt 0.375000 0.000000
vt 0.375000 1.000000
s 0
usemtl vertex_colors
f 158/97/57 151/98/57 153/99/57 156/100/57
f 168/101/58 156/102/58 153/103/58 165/104/58
f 165/105/59 153/106/59 151/107/59 166/108/59
f 167/109/60 158/110/60 176/111/60 194/112/60
f 155/113/61 191/114/61 190/115/61 157/116/61
f 152/117/61 155/113/61 157/116/61 154/118/61
f 166/108/62 151/107/62 158/110/62 167/109/62
f 195/119/63 181/120/63 156/102/63 168/101/63
f 176/121/57 158/97/57 160/122/57 184/123/57
f 156/102/64 181/120/64 182/124/64 159/125/64
f 159/125/65 182/124/65 174/126/65
f 184/123/57 160/122/57 159/127/57 174/128/57
f 160/122/57 158/97/57 156/100/57 159/127/57
f 152/117/61 154/118/61 162/129/61 161/130/61
f 155/113/61 152/117/61 161/130/61 163/131/61
f 157/116/61 190/115/61 175/132/61 164/133/61
f 191/114/61 155/113/61 163/131/61 173/134/61
f 154/118/61 157/116/61 164/133/61 162/129/61
f 175/135/66 195/119/66 168/101/66 164/136/66
f 161/137/67 166/108/67 167/109/67 163/138/67
f 163/138/68 167/109/68 194/112/68 173/139/68
f 162/140/69 165/105/69 166/108/69 161/137/69
f 164/136/70 168/101/70 165/104/70 162/141/70
f 180/97/57 178/100/57 171/99/57 169/98/57
f 197/101/71 192/104/71 171/103/71 178/102/71
f 192/105/72 193/108/72 169/107/72 171/106/72
f 196/109/73 194/112/73 176/111/73 180/110/73
f 177/113/61 179/116/61 190/115/61 191/114/61
f 170/117/61 172/118/61 179/116/61 177/113/61
f 193/108/74 196/109/74 180/110/74 169/107/74
f 195/119/75 197/101/75 178/102/75 181/120/75
f 176/121/57 184/123/57 185/122/57 180/97/57
f 178/102/76 183/125/76 182/124/76 181/120/76
f 183/125/77 174/126/77 182/124/77
f 184/123/57 174/128/57 183/127/57 185/122/57
f 185/122/57 183/127/57 178/100/57 180/97/57
f 170/117/61 186/130/61 187/129/61 172/118/61
f 177/113/61 188/131/61 186/130/61 170/117/61
f 179/116/61 189/133/61 175/132/61 190/115/61
f 191/114/61 173/134/61 188/131/61 177/113/61
f 172/118/61 187/129/61 189/133/61 179/116/61
f 175/135/78 189/136/78 197/101/78 195/119/78
f 186/137/79 188/138/79 196/109/79 193/108/79
f 188/138/80 173/139/80 194/112/80 196/109/80
f 187/140/81 186/137/81 193/108/81 192/105/81
f 189/136/82 187/141/82 192/104/82 197/101/82
o kid_body_M.003
v 11.458981 3.824056 -5.672665
v 11.458981 3.824056 -6.327335
v 11.766201 5.727364 -6.226914
v 11.766201 5.727364 -5.773086
v 11.831026 3.635415 -5.672665
v 12.175473 5.914599 -5.773086
v 11.831026 3.635415 -6.327335
v 12.175473 5.914599 -6.226914
v 11.432843 4.478221 -5.619781
v 11.432843 4.478221 -6.380219
v 12.029861 4.477519 -6.380219
v 12.029861 4.477519 -5.619781
v 11.519926 4.395112 -6.287615
v 11.906696 4.355143 -6.287615
v 11.519926 4.395112 -5.712385
v 11.906696 4.355143 -5.712385
v 11.506407 4.408014 -5.698008
v 11.925817 4.374142 -5.698008
v 11.506407 4.408014 -6.301992
v 11.925817 4.374142 -6.301992
v 12.102667 5.196059 -6.303567
v 11.599522 5.102792 -6.303567
v 12.102667 5.196059 -5.696433
v 11.599522 5.102792 -5.696433
vn -0.0368 0.1198 -0.9921
vn 0.0179 0.0595 -0.9981
vn -0.4522 -0.8919 -0.0000
vn -0.4160 0.9094 -0.0000
vn 0.9949 -0.1008 -0.0000
vn -0.0368 0.1198 0.9921
vn -0.6904 -0.7234 -0.0000
vn -0.0227 -0.6671 0.7446
vn -0.9662 0.2578 -0.0000
vn 0.7048 -0.7094 -0.0000
vn 0.9945 -0.1046 -0.0000
vn 0.0179 0.0595 0.9981
vn -0.9944 0.1061 -0.0000
vn -0.0607 -0.6624 -0.7467
vn -0.0227 -0.6671 -0.7446
vn -0.0607 -0.6624 0.7467
vn -0.0097 0.1151 0.9933
vn -0.0097 0.1151 -0.9933
vt 0.625000 0.250000
vt 0.562500 0.250000
vt 0.473884 0.250000
vt 0.375000 0.250000
vt 0.375000 0.000000
vt 0.625000 0.000000
vt 0.562500 0.000000
vt 0.477938 0.000000
vt 0.500000 0.000000
vt 0.500000 0.250000
vt 0.477938 0.250000
vt 0.477938 0.000000
vt 0.500000 0.000000
vt 0.473883 0.000000
vt 0.473884 0.000000
s 0
usemtl vertex_colors
f 205/142/83 218/143/83 219/143/83 200/142/83
f 211/144/84 204/145/84 199/145/84 210/144/84
f 204/145/85 202/146/85 198/146/85 199/145/85
f 203/147/86 205/142/86 200/142/86 201/147/86
f 220/148/87 218/143/87 205/142/87 203/147/87
f 220/148/88 203/147/88 201/147/88 221/148/88
f 214/149/89 206/150/89 207/151/89 216/152/89
f 215/153/90 209/154/90 206/150/90 214/149/90
f 221/148/91 201/147/91 200/142/91 219/143/91
f 215/153/92 217/152/92 208/151/92 209/154/92
f 202/146/93 204/145/93 211/144/93 213/155/93
f 202/146/94 213/155/94 212/156/94 198/146/94
f 198/146/95 212/156/95 210/144/95 199/145/95
f 217/152/96 211/144/96 210/144/96 216/152/96
f 208/151/97 217/152/97 216/152/97 207/151/97
f 213/155/92 211/144/92 217/152/92 215/153/92
f 213/155/98 215/153/98 214/149/98 212/156/98
f 212/156/89 214/149/89 216/152/89 210/144/89
f 209/154/87 208/151/87 218/143/87 220/148/87
f 209/154/99 220/148/99 221/148/99 206/150/99
f 206/150/91 221/148/91 219/143/91 207/151/91
f 218/143/100 208/151/100 207/151/100 219/143/100
o kid_body_M.004
v 14.541019 3.824056 -5.672665
v 14.541019 3.824056 -6.327335
v 14.233799 5.727364 -6.226914
v 14.233799 5.727364 -5.773086
v 14.168974 3.635415 -5.672665
v 13.824527 5.914599 -5.773086
v 14.168974 3.635415 -6.327335
v 13.824527 5.914599 -6.226914
v 14.567157 4.478221 -5.619781
v 14.567157 4.478221 -6.380219
v 13.970139 4.477519 -6.380219
v 13.970139 4.477519 -5.619781
v 14.480074 4.395112 -6.287615
v 14.093304 4.355143 -6.287615
v 14.480074 4.395112 -5.712385
v 14.093304 4.355143 -5.712385
v 14.493593 4.408014 -5.698008
v 14.074183 4.374142 -5.698008
v 14.493593 4.408014 -6.301992
v 14.074183 4.374142 -6.301992
v 14.400478 5.102792 -5.696433
v 13.897333 5.196059 -5.696433
v 14.400478 5.102792 -6.303567
v 13.897333 5.196059 -6.303567
vn -0.0179 0.0595 -0.9981
vn 0.4522 -0.8919 -0.0000
vn 0.4160 0.9094 -0.0000
vn -0.9949 -0.1008 -0.0000
vn 0.0368 0.1198 0.9921
vn 0.6904 -0.7234 -0.0000
vn 0.0227 -0.6671 0.7446
vn 0.9662 0.2578 -0.0000
vn -0.7048 -0.7094 -0.0000
vn -0.9945 -0.1046 -0.0000
vn -0.0179 0.0595 0.9981
vn 0.9944 0.1061 -0.0000
vn 0.0607 -0.6624 -0.7467
vn 0.0227 -0.6671 -0.7446
vn 0.0607 -0.6624 0.7467
vn 0.0097 0.1151 -0.9933
vn 0.0368 0.1198 -0.9921
vn 0.0097 0.1151 0.9933
vt 0.473884 0.250000
vt 0.375000 0.250000
vt 0.375000 0.000000
vt 0.625000 0.000000
vt 0.625000 0.250000
vt 0.562500 0.000000
vt 0.562500 0.250000
vt 0.477938 0.000000
vt 0.477938 0.250000
vt 0.500000 0.250000
vt 0.500000 0.000000
vt 0.477938 0.000000
vt 0.500000 0.000000
vt 0.562500 0.250000
vt 0.473883 0.000000
vt 0.473884 0.000000
s 0
usemtl vertex_colors
f 235/157/101 234/157/101 223/158/101 228/158/101
f 228/158/102 223/158/102 222/159/102 226/159/102
f 227/160/103 225/160/103 224/161/103 229/161/103
f 243/162/104 227/160/104 229/161/104 245/163/104
f 243/162/105 242/162/105 225/160/105 227/160/105
f 238/164/106 240/165/106 231/166/106 230/167/106
f 239/168/107 238/164/107 230/167/107 233/169/107
f 242/162/108 244/170/108 224/161/108 225/160/108
f 239/168/109 233/169/109 232/166/109 241/165/109
f 226/159/110 237/171/110 235/157/110 228/158/110
f 226/159/111 222/159/111 236/172/111 237/171/111
f 222/159/112 223/158/112 234/157/112 236/172/112
f 241/165/113 240/165/113 234/157/113 235/157/113
f 232/166/114 231/166/114 240/165/114 241/165/114
f 237/171/109 239/168/109 241/165/109 235/157/109
f 237/171/115 236/172/115 238/164/115 239/168/115
f 236/172/106 234/157/106 240/165/106 238/164/106
f 245/163/116 244/170/116 231/166/116 232/166/116
f 229/161/117 224/161/117 244/170/117 245/163/117
f 230/167/108 231/166/108 244/170/108 242/162/108
f 233/169/118 230/167/118 242/162/118 243/162/118
f 233/169/104 243/162/104 245/163/104 232/166/104
o kid_body_M.005
v -6.998653 2.826988 0.327336
v -6.998653 2.826988 -0.327335
v -6.691432 4.730296 -0.226914
v -6.691432 4.730296 0.226914
v -6.626607 2.638348 0.327336
v -6.282160 4.917531 0.226914
v -6.626607 2.638348 -0.327335
v -6.282160 4.917531 -0.226914
v -7.024790 3.481154 0.380220
v -7.024790 3.481154 -0.380219
v -6.427773 3.480451 -0.380219
v -6.427773 3.480451 0.380220
v -6.937707 3.398044 -0.287615
v -6.550937 3.358075 -0.287615
v -6.937707 3.398044 0.287615
v -6.550937 3.358075 0.287615
v -6.951227 3.410947 0.301992
v -6.531816 3.377074 0.301992
v -6.951227 3.410947 -0.301992
v -6.531816 3.377074 -0.301992
v -6.354966 4.198991 -0.303567
v -6.858111 4.105725 -0.303567
v -6.354966 4.198991 0.303567
v -6.858111 4.105725 0.303567
vn 0.0179 0.0595 -0.9981
vn -0.4522 -0.8919 -0.0000
vn -0.4160 0.9094 -0.0000
vn 0.9949 -0.1008 -0.0000
vn -0.0368 0.1198 0.9921
vn -0.6904 -0.7234 -0.0000
vn -0.0227 -0.6671 0.7446
vn -0.9662 0.2578 -0.0000
vn 0.7048 -0.7094 -0.0000
vn 0.9945 -0.1046 -0.0000
vn 0.0179 0.0595 0.9981
vn -0.9944 0.1061 -0.0000
vn -0.0607 -0.6624 -0.7467
vn -0.0227 -0.6671 -0.7446
vn -0.0607 -0.6624 0.7467
vn -0.0368 0.1198 -0.9921
vn -0.0097 0.1151 0.9933
vn -0.0097 0.1151 -0.9933
vt 0.473884 0.250000
vt 0.375000 0.250000
vt 0.375000 0.000000
vt 0.625000 0.000000
vt 0.625000 0.250000
vt 0.562500 0.000000
vt 0.562500 0.250000
vt 0.477938 0.000000
vt 0.500000 0.000000
vt 0.500000 0.250000
vt 0.477938 0.250000
vt 0.477938 0.000000
vt 0.500000 0.000000
vt 0.562500 0.250000
vt 0.473883 0.000000
vt 0.473884 0.000000
s 0
usemtl vertex_colors
f 259/173/119 252/174/119 247/174/119 258/173/119
f 252/174/120 250/175/120 246/175/120 247/174/120
f 251/176/121 253/177/121 248/177/121 249/176/121
f 268/178/122 266/179/122 253/177/122 251/176/122
f 268/178/123 251/176/123 249/176/123 269/178/123
f 262/180/124 254/181/124 255/182/124 264/183/124
f 263/184/125 257/185/125 254/181/125 262/180/125
f 269/178/126 249/176/126 248/177/126 267/186/126
f 263/184/127 265/183/127 256/182/127 257/185/127
f 250/175/128 252/174/128 259/173/128 261/187/128
f 250/175/129 261/187/129 260/188/129 246/175/129
f 246/175/130 260/188/130 258/173/130 247/174/130
f 265/183/131 259/173/131 258/173/131 264/183/131
f 256/182/132 265/183/132 264/183/132 255/182/132
f 261/187/127 259/173/127 265/183/127 263/184/127
f 261/187/133 263/184/133 262/180/133 260/188/133
f 260/188/124 262/180/124 264/183/124 258/173/124
f 253/177/134 266/179/134 267/186/134 248/177/134
f 257/185/122 256/182/122 266/179/122 268/178/122
f 257/185/135 268/178/135 269/178/135 254/181/135
f 254/181/126 269/178/126 267/186/126 255/182/126
f 266/179/136 256/182/136 255/182/136 267/186/136
o kid_body_M.006
v -4.749218 4.198991 -0.303567
v -4.246073 4.105725 -0.303567
v -4.749218 4.198991 0.303567
v -4.246073 4.105725 0.303567
v -4.105531 2.826988 0.327336
v -4.105531 2.826988 -0.327335
v -4.412752 4.730296 -0.226914
v -4.412752 4.730296 0.226914
v -4.477577 2.638348 0.327336
v -4.822024 4.917531 0.226914
v -4.477577 2.638348 -0.327335
v -4.822024 4.917531 -0.226914
v -4.079394 3.481154 0.380220
v -4.079394 3.481154 -0.380219
v -4.676412 3.480451 -0.380219
v -4.676412 3.480451 0.380220
v -4.166477 3.398044 -0.287615
v -4.553247 3.358075 -0.287615
v -4.166477 3.398044 0.287615
v -4.553247 3.358075 0.287615
v -4.152957 3.410947 0.301992
v -4.572369 3.377074 0.301992
v -4.152957 3.410947 -0.301992
v -4.572369 3.377074 -0.301992
vn 0.0097 0.1151 -0.9933
vn 0.0368 0.1198 -0.9921
vn -0.9949 -0.1008 -0.0000
vn 0.0097 0.1151 0.9933
vn -0.0179 0.0595 -0.9981
vn 0.4522 -0.8919 -0.0000
vn 0.4160 0.9094 -0.0000
vn 0.0368 0.1198 0.9921
vn 0.6904 -0.7234 -0.0000
vn 0.0227 -0.6671 0.7446
vn 0.9662 0.2578 -0.0000
vn -0.7048 -0.7094 -0.0000
vn -0.9945 -0.1046 -0.0000
vn -0.0179 0.0595 0.9981
vn 0.9944 0.1061 -0.0000
vn 0.0607 -0.6624 -0.7467
vn 0.0227 -0.6671 -0.7446
vn 0.0607 -0.6624 0.7467
vt 0.562500 0.250000
vt 0.562500 0.250000
vt 0.500000 0.250000
vt 0.625000 0.250000
vt 0.500000 0.000000
vt 0.562500 0.000000
vt 0.500000 0.000000
vt 0.473884 0.250000
vt 0.375000 0.250000
vt 0.375000 0.000000
vt 0.625000 0.000000
vt 0.477938 0.000000
vt 0.477938 0.250000
vt 0.477938 0.000000
vt 0.473883 0.000000
vt 0.473884 0.000000
s 0
usemtl vertex_colors
f 270/189/137 271/190/137 283/191/137 284/191/137
f 281/192/138 276/192/138 271/190/138 270/189/138
f 285/193/139 272/194/139 270/189/139 284/191/139
f 285/193/140 282/195/140 273/194/140 272/194/140
f 287/196/141 286/196/141 275/197/141 280/197/141
f 280/197/142 275/197/142 274/198/142 278/198/142
f 279/199/143 277/199/143 276/192/143 281/192/143
f 272/194/139 279/199/139 281/192/139 270/189/139
f 272/194/144 273/194/144 277/199/144 279/199/144
f 290/200/145 292/201/145 283/191/145 282/195/145
f 291/202/146 290/200/146 282/195/146 285/193/146
f 273/194/147 271/190/147 276/192/147 277/199/147
f 291/202/148 285/193/148 284/191/148 293/201/148
f 278/198/149 289/203/149 287/196/149 280/197/149
f 278/198/150 274/198/150 288/204/150 289/203/150
f 274/198/151 275/197/151 286/196/151 288/204/151
f 293/201/152 292/201/152 286/196/152 287/196/152
f 284/191/153 283/191/153 292/201/153 293/201/153
f 289/203/148 291/202/148 293/201/148 287/196/148
f 289/203/154 288/204/154 290/200/154 291/202/154
f 288/204/145 286/196/145 292/201/145 290/200/145
f 282/195/147 283/191/147 271/190/147 273/194/147
o kid_body_M.007
v 6.844801 6.217027 -0.257575
v 7.291623 6.067379 -0.257575
v 6.844801 6.217027 0.257575
v 7.291623 6.067379 0.257575
v 7.532172 3.638986 0.327336
v 7.532172 3.638986 -0.327335
v 7.224951 6.443152 -0.226914
v 7.224951 6.443152 0.226914
v 7.160126 3.450345 0.327336
v 6.815679 6.630388 0.226914
v 7.160126 3.450345 -0.327335
v 6.815679 6.630388 -0.226914
v 7.558309 4.564284 0.380220
v 7.558309 4.564284 -0.380219
v 6.961291 4.563581 -0.380219
v 6.961291 4.563581 0.380220
v 7.471226 4.481174 -0.287615
v 7.084456 4.441205 -0.287615
v 7.471226 4.481174 0.287615
v 7.084456 4.441205 0.287615
v 7.484746 4.494077 0.301992
v 7.065334 4.460204 0.301992
v 7.484746 4.494077 -0.301992
v 7.065334 4.460204 -0.301992
vn 0.0112 0.0788 -0.9968
vn 0.0320 0.0813 -0.9962
vn -0.9975 -0.0703 -0.0000
vn 0.0112 0.0788 0.9968
vn -0.0128 0.0423 -0.9990
vn 0.4522 -0.8919 -0.0000
vn 0.4160 0.9094 -0.0000
vn 0.0320 0.0813 0.9962
vn 0.6904 -0.7234 -0.0000
vn 0.0227 -0.6671 0.7446
vn 0.9846 0.1747 -0.0000
vn -0.7048 -0.7094 -0.0000
vn -0.9971 -0.0761 -0.0000
vn -0.0128 0.0423 0.9990
vn 0.9974 0.0722 -0.0000
vn 0.0607 -0.6624 -0.7467
vn 0.0227 -0.6671 -0.7446
vn 0.0607 -0.6624 0.7467
vt 0.600000 0.250000
vt 0.500000 0.250000
vt 0.625000 0.250000
vt 0.500000 0.000000
vt 0.600000 0.000000
vt 0.500000 0.000000
vt 0.473884 0.250000
vt 0.375000 0.250000
vt 0.375000 0.000000
vt 0.625000 0.000000
vt 0.477938 0.000000
vt 0.477938 0.250000
vt 0.477938 0.000000
vt 0.473883 0.000000
vt 0.473884 0.000000
s 0
usemtl vertex_colors
f 294/205/155 295/205/155 307/206/155 308/206/155
f 305/207/156 300/207/156 295/205/156 294/205/156
f 309/208/157 296/209/157 294/205/157 308/206/157
f 309/208/158 306/210/158 297/209/158 296/209/158
f 311/211/159 310/211/159 299/212/159 304/212/159
f 304/212/160 299/212/160 298/213/160 302/213/160
f 303/214/161 301/214/161 300/207/161 305/207/161
f 296/209/157 303/214/157 305/207/157 294/205/157
f 296/209/162 297/209/162 301/214/162 303/214/162
f 314/215/163 316/216/163 307/206/163 306/210/163
f 315/217/164 314/215/164 306/210/164 309/208/164
f 297/209/165 295/205/165 300/207/165 301/214/165
f 315/217/166 309/208/166 308/206/166 317/216/166
f 302/213/167 313/218/167 311/211/167 304/212/167
f 302/213/168 298/213/168 312/219/168 313/218/168
f 298/213/169 299/212/169 310/211/169 312/219/169
f 317/216/170 316/216/170 310/211/170 311/211/170
f 308/206/171 307/206/171 316/216/171 317/216/171
f 313/218/166 315/217/166 317/216/166 311/211/166
f 313/218/172 312/219/172 314/215/172 315/217/172
f 312/219/163 310/211/163 316/216/163 314/215/163
f 306/210/165 307/206/165 295/205/165 297/209/165
o kid_body_M.008
v 4.411648 3.638986 0.327336
v 4.411648 3.638986 -0.327335
v 4.718869 6.443152 -0.226914
v 4.718869 6.443152 0.226914
v 4.783694 3.450345 0.327336
v 5.128141 6.630388 0.226914
v 4.783694 3.450345 -0.327335
v 5.128141 6.630388 -0.226914
v 4.385511 4.564284 0.380220
v 4.385511 4.564284 -0.380219
v 4.982529 4.563581 -0.380219
v 4.982529 4.563581 0.380220
v 4.472594 4.481174 -0.287615
v 4.859364 4.441205 -0.287615
v 4.472594 4.481174 0.287615
v 4.859364 4.441205 0.287615
v 4.459074 4.494077 0.301992
v 4.878486 4.460204 0.301992
v 4.459074 4.494077 -0.301992
v 4.878486 4.460204 -0.301992
v 5.099019 6.217027 -0.257575
v 4.652197 6.067379 -0.257575
v 5.099019 6.217027 0.257575
v 4.652197 6.067379 0.257575
vn 0.0128 0.0423 -0.9990
vn -0.4522 -0.8919 -0.0000
vn -0.4160 0.9094 -0.0000
vn 0.9975 -0.0703 -0.0000
vn -0.0320 0.0813 0.9962
vn -0.6904 -0.7234 -0.0000
vn -0.0227 -0.6671 0.7446
vn -0.9846 0.1747 -0.0000
vn 0.7048 -0.7094 -0.0000
vn 0.9971 -0.0761 -0.0000
vn 0.0128 0.0423 0.9990
vn -0.9974 0.0722 -0.0000
vn -0.0607 -0.6624 -0.7467
vn -0.0227 -0.6671 -0.7446
vn -0.0607 -0.6624 0.7467
vn -0.0320 0.0813 -0.9962
vn -0.0112 0.0788 0.9968
vn -0.0112 0.0788 -0.9968
vt 0.473884 0.250000
vt 0.375000 0.250000
vt 0.375000 0.000000
vt 0.625000 0.000000
vt 0.625000 0.250000
vt 0.600000 0.000000
vt 0.600000 0.250000
vt 0.600000 0.000000
vt 0.477938 0.000000
vt 0.500000 0.000000
vt 0.500000 0.250000
vt 0.477938 0.250000
vt 0.477938 0.000000
vt 0.500000 0.000000
vt 0.473883 0.000000
vt 0.473884 0.000000
s 0
usemtl vertex_colors
f 331/220/173 324/221/173 319/221/173 330/220/173
f 324/221/174 322/222/174 318/222/174 319/221/174
f 323/223/175 325/224/175 320/224/175 321/223/175
f 340/225/176 338/226/176 325/224/176 323/223/176
f 340/225/177 323/223/177 321/223/177 341/227/177
f 334/228/178 326/229/178 327/230/178 336/231/178
f 335/232/179 329/233/179 326/229/179 334/228/179
f 341/227/180 321/223/180 320/224/180 339/226/180
f 335/232/181 337/231/181 328/230/181 329/233/181
f 322/222/182 324/221/182 331/220/182 333/234/182
f 322/222/183 333/234/183 332/235/183 318/222/183
f 318/222/184 332/235/184 330/220/184 319/221/184
f 337/231/185 331/220/185 330/220/185 336/231/185
f 328/230/186 337/231/186 336/231/186 327/230/186
f 333/234/181 331/220/181 337/231/181 335/232/181
f 333/234/187 335/232/187 334/228/187 332/235/187
f 332/235/178 334/228/178 336/231/178 330/220/178
f 325/224/188 338/226/188 339/226/188 320/224/188
f 329/233/176 328/230/176 338/226/176 340/225/176
f 329/233/189 340/225/189 341/227/189 326/229/189
f 326/229/180 341/227/180 339/226/180 327/230/180
f 338/226/190 328/230/190 327/230/190 339/226/190
o kid_body_M.009
v -5.640146 4.861137 0.128450
v -6.078724 5.363872 0.567029
v -5.640146 4.861137 -0.128451
v -5.966281 5.363872 -0.567030
v -5.383245 4.861137 0.128450
v -4.944666 5.363872 0.567029
v -5.383245 4.861137 -0.128451
v -5.057110 5.363872 -0.567030
v -5.892901 6.437667 0.381206
v -5.892901 6.437667 -0.381207
v -5.130489 6.437667 -0.381207
v -5.130489 6.437667 0.381206
v -5.966281 6.001274 -0.567030
v -5.057110 6.001274 -0.567030
v -4.944666 6.001274 0.567029
v -6.078724 6.001274 0.567029
v -5.510843 6.396195 0.071892
v -5.433977 6.396195 -0.334875
v -5.120139 6.396195 -0.064923
v -5.422913 7.011464 -0.256005
v -5.463112 6.393809 0.292336
v -5.413039 6.393809 0.027355
v -5.208595 6.393809 0.203210
v -5.384985 6.795191 0.299330
v -5.726949 6.343172 0.177680
v -5.650082 6.343172 -0.229087
v -5.336245 6.343172 0.040865
v -5.826533 6.790815 -0.027334
v -5.291625 5.833505 0.715251
v -5.343906 5.961251 0.589429
v -5.348675 5.972904 0.467188
v -5.183428 5.807043 0.715251
v -5.078090 5.896241 0.589429
v -5.068481 5.904377 0.467188
v -5.175160 5.695965 0.715251
v -5.057776 5.623345 0.589429
v -5.047069 5.616721 0.467188
v -5.255737 5.745814 0.744398
v -5.278247 5.653776 0.715251
v -5.311039 5.519697 0.589429
v -5.314030 5.507466 0.467188
v -5.350226 5.738781 0.715251
v -5.487876 5.728535 0.589429
v -5.500432 5.727600 0.467188
v -5.338811 5.948802 0.613547
v -5.088355 5.887548 0.613547
v -5.069216 5.630423 0.613547
v -5.307843 5.532763 0.613547
v -5.474462 5.729533 0.613547
v -5.780207 5.611866 0.684012
v -5.846809 5.683280 0.594997
v -5.852885 5.689795 0.508515
v -5.701993 5.621474 0.684012
v -5.654655 5.706886 0.594997
v -5.650337 5.714677 0.508515
v -5.668685 5.550057 0.684012
v -5.572826 5.531430 0.594997
v -5.564082 5.529732 0.508515
v -5.734487 5.562844 0.704632
v -5.726314 5.496311 0.684012
v -5.714407 5.399387 0.594997
v -5.713321 5.390547 0.508515
v -5.795238 5.534511 0.684012
v -5.883738 5.493236 0.594997
v -5.891811 5.489470 0.508515
v -5.840319 5.676320 0.612059
v -5.659268 5.698562 0.612059
v -5.582168 5.533246 0.612059
v -5.715568 5.408834 0.612059
v -5.875113 5.497258 0.612059
v -5.698644 5.910430 0.670871
v -5.747061 5.962344 0.606162
v -5.751477 5.967080 0.543295
v -5.641787 5.917415 0.670871
v -5.607375 5.979505 0.606162
v -5.604236 5.985168 0.543295
v -5.617574 5.865499 0.670871
v -5.547889 5.851958 0.606162
v -5.541533 5.850723 0.543295
v -5.665408 5.874794 0.685861
v -5.659467 5.826428 0.670871
v -5.650811 5.755970 0.606162
v -5.650022 5.749543 0.543295
v -5.709571 5.854198 0.670871
v -5.773906 5.824193 0.606162
v -5.779774 5.821456 0.543295
v -5.742342 5.957285 0.618566
v -5.610728 5.973454 0.618566
v -5.554680 5.853278 0.618566
v -5.651655 5.762836 0.618566
v -5.767636 5.827117 0.618566
v -5.298575 5.850488 0.700270
v -5.169424 5.818901 0.700270
v -5.159555 5.686311 0.700270
v -5.282607 5.635951 0.700270
v -5.368526 5.737418 0.700270
v -5.703135 5.915247 0.665495
v -5.638594 5.923176 0.665495
v -5.611109 5.864243 0.665495
v -5.658664 5.819892 0.665495
v -5.715539 5.851414 0.665495
v -5.787201 5.619366 0.675640
v -5.697021 5.630444 0.675640
v -5.658618 5.548101 0.675640
v -5.725063 5.486133 0.675640
v -5.804532 5.530176 0.675640
vn -0.7943 -0.6041 -0.0642
vn -0.0000 -0.6574 -0.7536
vn 0.7943 -0.6041 -0.0642
vn -0.0000 -0.6574 0.7536
vn -0.0000 -1.0000 -0.0000
vn -0.0000 0.3918 -0.9201
vn -0.0000 1.0000 -0.0000
vn 0.9571 0.2842 -0.0567
vn -0.9571 0.2842 -0.0567
vn -0.0000 0.3918 0.9201
vn -0.0000 -0.0000 1.0000
vn -0.9951 -0.0000 -0.0987
vn 0.9951 -0.0000 -0.0987
vn -0.0000 -0.0000 -1.0000
vn -0.9818 0.0414 -0.1855
vn 0.6497 0.0851 -0.7554
vn 0.3007 0.4147 0.8588
vn -0.9645 0.1909 -0.1823
vn 0.5906 0.4240 -0.6866
vn 0.3294 -0.0805 0.9407
vn -0.9402 -0.2905 -0.1777
vn 0.5595 0.5137 -0.6504
vn 0.2949 0.4513 0.8422
vn 0.2367 0.9680 0.0830
vn 0.0844 0.3452 0.9347
vn 0.1687 0.6900 0.7039
vn 0.3544 0.0264 0.9347
vn 0.7083 0.0527 0.7039
vn 0.9938 0.0740 0.0830
vn 0.3775 -0.9223 0.0830
vn 0.1346 -0.3289 0.9347
vn 0.2690 -0.6574 0.7039
vn -0.7605 -0.6440 0.0830
vn -0.2712 -0.2297 0.9347
vn -0.5421 -0.4590 0.7039
vn -0.8475 0.5243 0.0830
vn -0.3022 0.1870 0.9347
vn -0.6041 0.3737 0.7039
vn -0.7752 0.4796 0.4113
vn -0.6956 -0.5890 0.4113
vn 0.3452 -0.8436 0.4113
vn 0.9090 0.0677 0.4113
vn 0.2165 0.8854 0.4113
vn -0.1215 0.9891 0.0830
vn -0.0433 0.3528 0.9347
vn -0.0866 0.7050 0.7039
vn 0.3221 0.1502 0.9347
vn 0.6437 0.3002 0.7039
vn 0.9032 0.4212 0.0830
vn 0.6797 -0.7288 0.0830
vn 0.2424 -0.2599 0.9347
vn 0.4845 -0.5195 0.7039
vn -0.4831 -0.8716 0.0830
vn -0.1723 -0.3109 0.9347
vn -0.3443 -0.6213 0.7039
vn -0.9782 0.1901 0.0830
vn -0.3489 0.0678 0.9347
vn -0.6973 0.1355 0.7039
vn -0.8948 0.1739 0.4113
vn -0.4419 -0.7972 0.4113
vn 0.6217 -0.6666 0.4113
vn 0.8261 0.3853 0.4113
vn -0.1111 0.9047 0.4113
vn 0.4845 -0.5194 0.7039
vt 0.375000 0.000000
vt 0.625000 0.000000
vt 0.625000 0.250000
vt 0.375000 0.250000
vt 0.625000 0.500000
vt 0.375000 0.500000
vt 0.625000 0.750000
vt 0.375000 0.750000
vt 0.625000 1.000000
vt 0.375000 1.000000
vt 0.125000 0.500000
vt 0.125000 0.750000
vt 0.875000 0.500000
vt 0.875000 0.750000
vt 0.250000 0.490000
vt 0.250000 0.250000
vt 0.457846 0.130000
vt 0.750000 0.490000
vt 0.957846 0.130000
vt 0.542154 0.130000
vt 0.042154 0.130000
vt 0.600000 0.250000
vt 0.600000 0.500000
vt 0.400000 0.500000
vt 0.400000 0.250000
vt 0.600000 0.750000
vt 0.500000 1.000000
vt 0.400000 0.750000
vt 0.600000 0.720441
vt 0.400000 0.720441
vt 0.300000 1.000000
vt 0.200000 0.750000
vt 0.200000 0.720441
vt 0.200000 0.500000
vt 0.200000 0.250000
vt 0.000000 0.500000
vt 0.000000 0.250000
vt 0.100000 1.000000
vt 0.000000 0.750000
vt 0.000000 0.720441
vt 1.000000 0.250000
vt 1.000000 0.500000
vt 0.800000 0.500000
vt 0.800000 0.250000
vt 1.000000 0.750000
vt 0.900000 1.000000
vt 0.800000 0.750000
vt 1.000000 0.720441
vt 0.800000 0.720441
vt 0.700000 1.000000
vt 0.800000 0.549324
vt 0.600000 0.549324
vt 1.000000 0.549324
vt 0.200000 0.549324
vt 0.000000 0.549324
vt 0.400000 0.549324
vt 0.600000 0.726651
vt 0.400000 0.726651
vt 0.200000 0.726651
vt 0.000000 0.726651
vt 1.000000 0.726651
vt 0.800000 0.726651
vt 0.600000 0.729372
vt 0.400000 0.729372
vt 0.200000 0.729372
vt 0.000000 0.729372
vt 1.000000 0.729372
vt 0.800000 0.729372
s 0
usemtl vertex_colors
f 342/236/191 343/237/191 345/238/191 344/239/191
f 344/239/192 345/238/192 349/240/192 348/241/192
f 348/241/193 349/240/193 347/242/193 346/243/193
f 346/243/194 347/242/194 343/244/194 342/245/194
f 344/246/195 348/241/195 346/243/195 342/247/195
f 355/240/196 354/238/196 351/238/196 352/240/196
f 352/240/197 351/248/197 350/249/197 353/242/197
f 356/242/198 355/240/198 352/240/198 353/242/198
f 354/238/199 357/237/199 350/237/199 351/238/199
f 357/244/200 356/242/200 353/242/200 350/244/200
f 343/244/201 347/242/201 356/242/201 357/244/201
f 345/238/202 343/237/202 357/237/202 354/238/202
f 347/242/203 349/240/203 355/240/203 356/242/203
f 349/240/204 345/238/204 354/238/204 355/240/204
f 358/250/205 361/251/205 359/252/205
f 358/253/195 359/254/195 360/255/195
f 359/252/206 361/251/206 360/256/206
f 360/256/207 361/251/207 358/250/207
f 362/250/208 365/251/208 363/252/208
f 362/253/195 363/254/195 364/255/195
f 363/252/209 365/251/209 364/256/209
f 364/256/210 365/251/210 362/250/210
f 366/250/211 369/251/211 367/252/211
f 366/253/195 367/254/195 368/255/195
f 367/252/212 369/251/212 368/256/212
f 368/256/213 369/251/213 366/250/213
f 372/257/214 371/258/214 374/259/214 375/260/214
f 370/261/215 379/262/215 373/263/215
f 433/264/216 370/261/216 373/263/216 434/265/216
f 373/263/217 379/266/217 376/267/217
f 434/265/218 373/263/218 376/267/218 435/268/218
f 375/260/219 374/259/219 377/269/219 378/270/219
f 378/270/220 377/269/220 381/271/220 382/272/220
f 376/267/221 379/273/221 380/274/221
f 435/268/222 376/267/222 380/274/222 436/275/222
f 382/276/223 381/277/223 384/278/223 385/279/223
f 380/280/224 379/281/224 383/282/224
f 436/283/225 380/280/225 383/282/225 437/284/225
f 385/279/226 384/278/226 371/258/226 372/257/226
f 383/282/227 379/285/227 370/261/227
f 437/284/228 383/282/228 370/261/228 433/264/228
f 384/278/229 390/286/229 386/287/229 371/258/229
f 381/277/230 389/288/230 390/286/230 384/278/230
f 377/269/231 388/289/231 389/290/231 381/271/231
f 374/259/232 387/291/232 388/289/232 377/269/232
f 371/258/233 386/287/233 387/291/233 374/259/233
f 393/257/234 392/258/234 395/259/234 396/260/234
f 391/261/235 400/262/235 394/263/235
f 443/292/236 391/261/236 394/263/236 444/293/236
f 394/263/237 400/266/237 397/267/237
f 444/293/238 394/263/238 397/267/238 445/294/238
f 396/260/239 395/259/239 398/269/239 399/270/239
f 399/270/240 398/269/240 402/271/240 403/272/240
f 397/267/241 400/273/241 401/274/241
f 445/294/242 397/267/242 401/274/242 446/295/242
f 403/276/243 402/277/243 405/278/243 406/279/243
f 401/280/244 400/281/244 404/282/244
f 446/296/245 401/280/245 404/282/245 447/297/245
f 406/279/246 405/278/246 392/258/246 393/257/246
f 404/282/247 400/285/247 391/261/247
f 447/297/248 404/282/248 391/261/248 443/292/248
f 405/278/249 411/286/249 407/287/249 392/258/249
f 402/277/250 410/288/250 411/286/250 405/278/250
f 398/269/251 409/289/251 410/290/251 402/271/251
f 395/259/252 408/291/252 409/289/252 398/269/252
f 392/258/253 407/287/253 408/291/253 395/259/253
f 414/257/234 413/258/234 416/259/234 417/260/234
f 412/261/235 421/262/235 415/263/235
f 438/298/236 412/261/236 415/263/236 439/299/236
f 415/263/237 421/266/237 418/267/237
f 439/299/238 415/263/238 418/267/238 440/300/238
f 417/260/239 416/259/239 419/269/239 420/270/239
f 420/270/240 419/269/240 423/271/240 424/272/240
f 418/267/241 421/273/241 422/274/241
f 440/300/254 418/267/254 422/274/254 441/301/254
f 424/276/243 423/277/243 426/278/243 427/279/243
f 422/280/244 421/281/244 425/282/244
f 441/302/245 422/280/245 425/282/245 442/303/245
f 427/279/246 426/278/246 413/258/246 414/257/246
f 425/282/247 421/285/247 412/261/247
f 442/303/248 425/282/248 412/261/248 438/298/248
f 426/278/249 432/286/249 428/287/249 413/258/249
f 423/277/250 431/288/250 432/286/250 426/278/250
f 419/269/251 430/289/251 431/290/251 423/271/251
f 416/259/252 429/291/252 430/289/252 419/269/252
f 413/258/253 428/287/253 429/291/253 416/259/253
f 390/286/228 437/284/228 433/264/228 386/287/228
f 389/288/225 436/283/225 437/284/225 390/286/225
f 388/289/222 435/268/222 436/275/222 389/290/222
f 387/291/218 434/265/218 435/268/218 388/289/218
f 386/287/216 433/264/216 434/265/216 387/291/216
f 432/286/248 442/303/248 438/298/248 428/287/248
f 431/288/245 441/302/245 442/303/245 432/286/245
f 430/289/242 440/300/242 441/301/242 431/290/242
f 429/291/238 439/299/238 440/300/238 430/289/238
f 428/287/236 438/298/236 439/299/236 429/291/236
f 411/286/248 447/297/248 443/292/248 407/287/248
f 410/288/245 446/296/245 447/297/245 411/286/245
f 409/289/242 445/294/242 446/295/242 410/290/242
f 408/291/238 444/293/238 445/294/238 409/289/238
f 407/287/236 443/292/236 444/293/236 408/291/236
o kid_body_M.011
v 12.855471 5.819410 -5.855470
v 12.361991 6.385077 -5.361991
v 12.855471 5.819410 -6.144530
v 12.488510 6.385077 -6.638009
v 13.144529 5.819410 -5.855470
v 13.638009 6.385077 -5.361991
v 13.144529 5.819410 -6.144530
v 13.511490 6.385077 -6.638009
v 12.571075 7.593288 -5.571075
v 12.571075 7.593288 -6.428925
v 13.428926 7.593288 -6.428925
v 13.428926 7.593288 -5.571075
v 12.488510 7.102268 -6.638009
v 13.511490 7.102268 -6.638009
v 13.638009 7.102268 -5.361991
v 12.361991 7.102268 -5.361991
v 13.000959 7.546625 -5.919108
v 13.087447 7.546625 -6.376794
v 13.440571 7.546625 -6.073050
v 13.099896 8.238913 -6.288051
v 13.054666 7.543941 -5.671069
v 13.111007 7.543941 -5.969220
v 13.341043 7.543941 -5.771352
v 13.142571 7.995566 -5.663199
v 12.757801 7.486965 -5.800078
v 12.844290 7.486965 -6.257763
v 13.197413 7.486965 -5.954020
v 12.645752 7.990644 -6.030756
v 13.247619 6.913498 -5.195214
v 13.188793 7.057236 -5.336786
v 13.183428 7.070348 -5.474329
v 13.369359 6.883724 -5.195214
v 13.487885 6.984088 -5.336786
v 13.498695 6.993242 -5.474329
v 13.378662 6.758740 -5.195214
v 13.510740 6.677031 -5.336786
v 13.522788 6.669578 -5.474329
v 13.287998 6.814830 -5.162419
v 13.262671 6.711271 -5.195214
v 13.225775 6.560409 -5.336786
v 13.222409 6.546647 -5.474329
v 13.181682 6.806916 -5.195214
v 13.026801 6.795388 -5.336786
v 13.012672 6.794336 -5.474329
v 13.194526 7.043228 -5.309649
v 13.476334 6.974307 -5.309649
v 13.497869 6.684994 -5.309649
v 13.229370 6.575110 -5.309649
v 13.041895 6.796512 -5.309649
v 12.697877 6.664115 -5.230364
v 12.622936 6.744469 -5.330522
v 12.616100 6.751799 -5.427829
v 12.785882 6.674926 -5.230364
v 12.839145 6.771029 -5.330522
v 12.844003 6.779796 -5.427829
v 12.823359 6.594569 -5.230364
v 12.931217 6.573610 -5.330522
v 12.941056 6.571699 -5.427829
v 12.749319 6.608956 -5.207162
v 12.758516 6.534095 -5.230364
v 12.771914 6.425038 -5.330522
v 12.773135 6.415091 -5.427829
v 12.680964 6.577077 -5.230364
v 12.581386 6.530635 -5.330522
v 12.572302 6.526399 -5.427829
v 12.630239 6.736638 -5.311323
v 12.833954 6.761663 -5.311323
v 12.920706 6.575653 -5.311323
v 12.770608 6.435667 -5.311323
v 12.591089 6.535161 -5.311323
v 12.789650 7.000053 -5.245150
v 12.735172 7.058466 -5.317959
v 12.730203 7.063794 -5.388696
v 12.853624 7.007913 -5.245150
v 12.892344 7.077774 -5.317959
v 12.895875 7.084146 -5.388696
v 12.880868 6.949497 -5.245150
v 12.959275 6.934261 -5.317959
v 12.966428 6.932872 -5.388696
v 12.827045 6.959956 -5.228283
v 12.833731 6.905536 -5.245150
v 12.843470 6.826258 -5.317959
v 12.844358 6.819026 -5.388696
v 12.777355 6.936781 -5.245150
v 12.704967 6.903021 -5.317959
v 12.698363 6.899940 -5.388696
v 12.740481 7.052773 -5.304003
v 12.888570 7.070966 -5.304003
v 12.951634 6.935746 -5.304003
v 12.842521 6.833984 -5.304003
v 12.712021 6.906310 -5.304003
v 13.239798 6.932607 -5.212070
v 13.385117 6.897067 -5.212070
v 13.396221 6.747878 -5.212070
v 13.257766 6.691216 -5.212070
v 13.161091 6.805384 -5.212070
v 12.784595 7.005472 -5.251199
v 12.857216 7.014394 -5.251199
v 12.888142 6.948084 -5.251199
v 12.834635 6.898181 -5.251199
v 12.770639 6.933649 -5.251199
v 12.690007 6.672553 -5.239783
v 12.791475 6.685019 -5.239783
v 12.834685 6.592368 -5.239783
v 12.759923 6.522643 -5.239783
v 12.670506 6.572200 -5.239783
vn -0.7943 -0.6041 -0.0642
vn -0.0000 -0.6574 -0.7536
vn 0.7943 -0.6041 -0.0642
vn -0.0000 -0.6574 0.7536
vn -0.0000 -1.0000 -0.0000
vn -0.0000 0.3918 -0.9201
vn -0.0000 1.0000 -0.0000
vn 0.9571 0.2842 -0.0567
vn -0.9571 0.2842 -0.0567
vn -0.0000 0.3918 0.9201
vn -0.0000 -0.0000 1.0000
vn -0.9951 -0.0000 -0.0987
vn 0.9951 -0.0000 -0.0987
vn -0.0000 -0.0000 -1.0000
vn -0.9818 0.0414 -0.1855
vn 0.6497 0.0851 -0.7554
vn 0.3007 0.4147 0.8588
vn -0.9645 0.1909 -0.1823
vn 0.5906 0.4240 -0.6866
vn 0.3294 -0.0805 0.9407
vn -0.9402 -0.2905 -0.1777
vn 0.5595 0.5137 -0.6504
vn 0.2949 0.4513 0.8422
vn 0.2367 0.9680 0.0830
vn 0.0844 0.3452 0.9347
vn 0.1687 0.6900 0.7039
vn 0.3544 0.0264 0.9347
vn 0.7083 0.0527 0.7039
vn 0.9938 0.0740 0.0830
vn 0.3775 -0.9223 0.0830
vn 0.1346 -0.3289 0.9347
vn 0.2690 -0.6574 0.7039
vn -0.7605 -0.6440 0.0830
vn -0.2712 -0.2297 0.9347
vn -0.5421 -0.4590 0.7039
vn -0.8475 0.5243 0.0830
vn -0.3022 0.1870 0.9347
vn -0.6041 0.3737 0.7039
vn -0.7752 0.4796 0.4113
vn -0.6956 -0.5890 0.4113
vn 0.3452 -0.8436 0.4113
vn 0.9090 0.0677 0.4113
vn 0.2165 0.8854 0.4113
vn -0.1215 0.9891 0.0830
vn -0.0433 0.3528 0.9347
vn -0.0866 0.7050 0.7039
vn 0.3221 0.1502 0.9347
vn 0.6437 0.3002 0.7039
vn 0.9032 0.4212 0.0830
vn 0.6797 -0.7288 0.0830
vn 0.2424 -0.2599 0.9347
vn 0.4845 -0.5195 0.7039
vn -0.4831 -0.8716 0.0830
vn -0.1723 -0.3109 0.9347
vn -0.3443 -0.6213 0.7039
vn -0.9782 0.1901 0.0830
vn -0.3489 0.0678 0.9347
vn -0.6973 0.1355 0.7039
vn -0.8948 0.1739 0.4113
vn -0.4419 -0.7972 0.4113
vn 0.6217 -0.6666 0.4113
vn 0.8261 0.3853 0.4113
vn -0.1111 0.9047 0.4113
vt 0.375000 0.000000
vt 0.625000 0.000000
vt 0.625000 0.250000
vt 0.375000 0.250000
vt 0.625000 0.500000
vt 0.375000 0.500000
vt 0.625000 0.750000
vt 0.375000 0.750000
vt 0.625000 1.000000
vt 0.375000 1.000000
vt 0.125000 0.500000
vt 0.125000 0.750000
vt 0.875000 0.500000
vt 0.875000 0.750000
vt 0.250000 0.490000
vt 0.250000 0.250000
vt 0.457846 0.130000
vt 0.750000 0.490000
vt 0.957846 0.130000
vt 0.542154 0.130000
vt 0.042154 0.130000
vt 0.600000 0.250000
vt 0.600000 0.500000
vt 0.400000 0.500000
vt 0.400000 0.250000
vt 0.600000 0.750000
vt 0.500000 1.000000
vt 0.400000 0.750000
vt 0.600000 0.720441
vt 0.400000 0.720441
vt 0.300000 1.000000
vt 0.200000 0.750000
vt 0.200000 0.720441
vt 0.200000 0.500000
vt 0.200000 0.250000
vt 0.000000 0.500000
vt 0.000000 0.250000
vt 0.100000 1.000000
vt 0.000000 0.750000
vt 0.000000 0.720441
vt 1.000000 0.250000
vt 1.000000 0.500000
vt 0.800000 0.500000
vt 0.800000 0.250000
vt 1.000000 0.750000
vt 0.900000 1.000000
vt 0.800000 0.750000
vt 1.000000 0.720441
vt 0.800000 0.720441
vt 0.700000 1.000000
vt 0.800000 0.549324
vt 0.600000 0.549324
vt 1.000000 0.549324
vt 0.200000 0.549324
vt 0.000000 0.549324
vt 0.400000 0.549324
vt 0.600000 0.726651
vt 0.400000 0.726651
vt 0.200000 0.726651
vt 0.000000 0.726651
vt 1.000000 0.726651
vt 0.800000 0.726651
vt 0.600000 0.729372
vt 0.400000 0.729372
vt 0.200000 0.729372
vt 0.000000 0.729372
vt 1.000000 0.729372
vt 0.800000 0.729372
s 0
usemtl vertex_colors
f 448/304/255 449/305/255 451/306/255 450/307/255
f 450/307/256 451/306/256 455/308/256 454/309/256
f 454/309/257 455/308/257 453/310/257 452/311/257
f 452/311/258 453/310/258 449/312/258 448/313/258
f 450/314/259 454/309/259 452/311/259 448/315/259
f 461/308/260 460/306/260 457/306/260 458/308/260
f 458/308/261 457/316/261 456/317/261 459/310/261
f 462/310/262 461/308/262 458/308/262 459/310/262
f 460/306/263 463/305/263 456/305/263 457/306/263
f 463/312/264 462/310/264 459/310/264 456/312/264
f 449/312/265 453/310/265 462/310/265 463/312/265
f 451/306/266 449/305/266 463/305/266 460/306/266
f 453/310/267 455/308/267 461/308/267 462/310/267
f 455/308/268 451/306/268 460/306/268 461/308/268
f 464/318/269 467/319/269 465/320/269
f 464/321/259 465/322/259 466/323/259
f 465/320/270 467/319/270 466/324/270
f 466/324/271 467/319/271 464/318/271
f 468/318/272 471/319/272 469/320/272
f 468/321/259 469/322/259 470/323/259
f 469/320/273 471/319/273 470/324/273
f 470/324/274 471/319/274 468/318/274
f 472/318/275 475/319/275 473/320/275
f 472/321/259 473/322/259 474/323/259
f 473/320/276 475/319/276 474/324/276
f 474/324/277 475/319/277 472/318/277
f 478/325/278 477/326/278 480/327/278 481/328/278
f 476/329/279 485/330/279 479/331/279
f 539/332/280 476/329/280 479/331/280 540/333/280
f 479/331/281 485/334/281 482/335/281
f 540/333/282 479/331/282 482/335/282 541/336/282
f 481/328/283 480/327/283 483/337/283 484/338/283
f 484/338/284 483/337/284 487/339/284 488/340/284
f 482/335/285 485/341/285 486/342/285
f 541/336/286 482/335/286 486/342/286 542/343/286
f 488/344/287 487/345/287 490/346/287 491/347/287
f 486/348/288 485/349/288 489/350/288
f 542/351/289 486/348/289 489/350/289 543/352/289
f 491/347/290 490/346/290 477/326/290 478/325/290
f 489/350/291 485/353/291 476/329/291
f 543/352/292 489/350/292 476/329/292 539/332/292
f 490/346/293 496/354/293 492/355/293 477/326/293
f 487/345/294 495/356/294 496/354/294 490/346/294
f 483/337/295 494/357/295 495/358/295 487/339/295
f 480/327/296 493/359/296 494/357/296 483/337/296
f 477/326/297 492/355/297 493/359/297 480/327/297
f 499/325/298 498/326/298 501/327/298 502/328/298
f 497/329/299 506/330/299 500/331/299
f 549/360/300 497/329/300 500/331/300 550/361/300
f 500/331/301 506/334/301 503/335/301
f 550/361/302 500/331/302 503/335/302 551/362/302
f 502/328/303 501/327/303 504/337/303 505/338/303
f 505/338/304 504/337/304 508/339/304 509/340/304
f 503/335/305 506/341/305 507/342/305
f 551/362/306 503/335/306 507/342/306 552/363/306
f 509/344/307 508/345/307 511/346/307 512/347/307
f 507/348/308 506/349/308 510/350/308
f 552/364/309 507/348/309 510/350/309 553/365/309
f 512/347/310 511/346/310 498/326/310 499/325/310
f 510/350/311 506/353/311 497/329/311
f 553/365/312 510/350/312 497/329/312 549/360/312
f 511/346/313 517/354/313 513/355/313 498/326/313
f 508/345/314 516/356/314 517/354/314 511/346/314
f 504/337/315 515/357/315 516/358/315 508/339/315
f 501/327/316 514/359/316 515/357/316 504/337/316
f 498/326/317 513/355/317 514/359/317 501/327/317
f 520/325/298 519/326/298 522/327/298 523/328/298
f 518/329/299 527/330/299 521/331/299
f 544/366/300 518/329/300 521/331/300 545/367/300
f 521/331/301 527/334/301 524/335/301
f 545/367/302 521/331/302 524/335/302 546/368/302
f 523/328/303 522/327/303 525/337/303 526/338/303
f 526/338/304 525/337/304 529/339/304 530/340/304
f 524/335/305 527/341/305 528/342/305
f 546/368/306 524/335/306 528/342/306 547/369/306
f 530/344/307 529/345/307 532/346/307 533/347/307
f 528/348/308 527/349/308 531/350/308
f 547/370/309 528/348/309 531/350/309 548/371/309
f 533/347/310 532/346/310 519/326/310 520/325/310
f 531/350/311 527/353/311 518/329/311
f 548/371/312 531/350/312 518/329/312 544/366/312
f 532/346/313 538/354/313 534/355/313 519/326/313
f 529/345/314 537/356/314 538/354/314 532/346/314
f 525/337/315 536/357/315 537/358/315 529/339/315
f 522/327/316 535/359/316 536/357/316 525/337/316
f 519/326/317 534/355/317 535/359/317 522/327/317
f 496/354/292 543/352/292 539/332/292 492/355/292
f 495/356/289 542/351/289 543/352/289 496/354/289
f 494/357/286 541/336/286 542/343/286 495/358/286
f 493/359/282 540/333/282 541/336/282 494/357/282
f 492/355/280 539/332/280 540/333/280 493/359/280
f 538/354/312 548/371/312 544/366/312 534/355/312
f 537/356/309 547/370/309 548/371/309 538/354/309
f 536/357/306 546/368/306 547/369/306 537/358/306
f 535/359/302 545/367/302 546/368/302 536/357/302
f 534/355/300 544/366/300 545/367/300 535/359/300
f 517/354/312 553/365/312 549/360/312 513/355/312
f 516/356/309 552/364/309 553/365/309 517/354/309
f 515/357/306 551/362/306 552/363/306 516/358/306
f 514/359/302 550/361/302 551/362/302 515/357/302
f 513/355/300 549/360/300 550/361/300 514/359/300
o kid_body_M.012
v 5.829515 6.526719 0.144530
v 5.336035 7.092385 0.638009
v 5.829515 6.526719 -0.144530
v 5.462554 7.092385 -0.638009
v 6.118574 6.526719 0.144530
v 6.612054 7.092385 0.638009
v 6.118574 6.526719 -0.144530
v 6.485535 7.092385 -0.638009
v 5.545119 8.300597 0.428925
v 5.545119 8.300597 -0.428925
v 6.402969 8.300597 -0.428925
v 6.402969 8.300597 0.428925
v 5.462554 7.809577 -0.638009
v 6.485535 7.809577 -0.638009
v 6.612054 7.809577 0.638009
v 5.336035 7.809577 0.638009
v 5.975003 8.253934 0.080892
v 6.061492 8.253934 -0.376794
v 6.414615 8.253934 -0.073050
v 6.073940 8.946221 -0.288051
v 6.028709 8.251249 0.328931
v 6.085051 8.251249 0.030780
v 6.315086 8.251249 0.228648
v 6.116615 8.702875 0.336801
v 5.731846 8.194273 0.199922
v 5.818335 8.194273 -0.257764
v 6.171458 8.194273 0.045981
v 5.619796 8.697953 -0.030755
v 6.221663 7.620807 0.804786
v 6.162838 7.764544 0.663213
v 6.157472 7.777657 0.525671
v 6.343404 7.591033 0.804786
v 6.461928 7.691396 0.663213
v 6.472740 7.700551 0.525671
v 6.352707 7.466049 0.804786
v 6.484784 7.384339 0.663213
v 6.496832 7.376886 0.525671
v 6.262043 7.522139 0.837581
v 6.236715 7.418579 0.804786
v 6.199819 7.267716 0.663213
v 6.196453 7.253956 0.525671
v 6.155725 7.514225 0.804786
v 6.000845 7.502696 0.663213
v 5.986717 7.501645 0.525671
v 6.168571 7.750537 0.690350
v 6.450378 7.681615 0.690350
v 6.471912 7.392303 0.690350
v 6.203414 7.282419 0.690350
v 6.015939 7.503819 0.690350
v 5.671921 7.371424 0.769636
v 5.596981 7.451777 0.669478
v 5.590145 7.459106 0.572171
v 5.759926 7.382235 0.769636
v 5.813189 7.478337 0.669478
v 5.818048 7.487103 0.572171
v 5.797403 7.301878 0.769636
v 5.905262 7.280919 0.669478
v 5.915100 7.279007 0.572171
v 5.723364 7.316265 0.792838
v 5.732560 7.241404 0.769636
v 5.745957 7.132347 0.669478
v 5.747180 7.122399 0.572171
v 5.655008 7.284385 0.769636
v 5.555429 7.237943 0.669478
v 5.546346 7.233706 0.572171
v 5.604284 7.443946 0.688677
v 5.807998 7.468972 0.688677
v 5.894750 7.282962 0.688677
v 5.744652 7.142975 0.688677
v 5.565134 7.242469 0.688677
v 5.763694 7.707362 0.754851
v 5.709216 7.765775 0.682041
v 5.704247 7.771103 0.611304
v 5.827669 7.715220 0.754851
v 5.866388 7.785083 0.682041
v 5.869920 7.791455 0.611304
v 5.854912 7.656806 0.754851
v 5.933320 7.641570 0.682041
v 5.940472 7.640181 0.611304
v 5.801090 7.667265 0.771717
v 5.807775 7.612844 0.754851
v 5.817514 7.533566 0.682041
v 5.818402 7.526335 0.611304
v 5.751399 7.644090 0.754851
v 5.679011 7.610329 0.682041
v 5.672408 7.607249 0.611304
v 5.714525 7.760082 0.695997
v 5.862615 7.778275 0.695997
v 5.925678 7.643055 0.695997
v 5.816565 7.541292 0.695997
v 5.686065 7.613619 0.695997
v 6.213842 7.639915 0.787930
v 6.359160 7.604375 0.787930
v 6.370265 7.455187 0.787930
v 6.231810 7.398523 0.787930
v 6.135136 7.512692 0.787930
v 5.758640 7.712781 0.748801
v 5.831261 7.721703 0.748801
v 5.862186 7.655393 0.748801
v 5.808679 7.605490 0.748801
v 5.744683 7.640958 0.748801
v 5.664052 7.379862 0.760217
v 5.765519 7.392326 0.760217
v 5.808730 7.299677 0.760217
v 5.733967 7.229951 0.760217
v 5.644551 7.279508 0.760217
vn -0.7943 -0.6041 -0.0642
vn -0.0000 -0.6574 -0.7536
vn 0.7943 -0.6041 -0.0642
vn -0.0000 -0.6574 0.7536
vn -0.0000 -1.0000 -0.0000
vn -0.0000 0.3918 -0.9201
vn -0.0000 1.0000 -0.0000
vn 0.9571 0.2842 -0.0567
vn -0.9571 0.2842 -0.0567
vn -0.0000 0.3918 0.9201
vn -0.0000 -0.0000 1.0000
vn -0.9951 -0.0000 -0.0987
vn 0.9951 -0.0000 -0.0987
vn -0.0000 -0.0000 -1.0000
vn -0.9818 0.0414 -0.1855
vn 0.6497 0.0851 -0.7554
vn 0.3007 0.4147 0.8588
vn -0.9645 0.1909 -0.1823
vn 0.5906 0.4240 -0.6866
vn 0.3294 -0.0805 0.9407
vn -0.9402 -0.2905 -0.1777
vn 0.5595 0.5137 -0.6504
vn 0.2949 0.4513 0.8422
vn 0.2367 0.9680 0.0830
vn 0.0844 0.3452 0.9347
vn 0.1687 0.6900 0.7039
vn 0.3544 0.0264 0.9347
vn 0.7083 0.0527 0.7039
vn 0.9938 0.0740 0.0830
vn 0.3775 -0.9223 0.0830
vn 0.1346 -0.3289 0.9347
vn 0.2690 -0.6574 0.7039
vn -0.7605 -0.6440 0.0830
vn -0.2712 -0.2297 0.9347
vn -0.5421 -0.4590 0.7039
vn -0.8475 0.5243 0.0830
vn -0.3022 0.1870 0.9347
vn -0.6041 0.3737 0.7039
vn -0.7752 0.4796 0.4113
vn -0.6956 -0.5890 0.4113
vn 0.3452 -0.8436 0.4113
vn 0.9090 0.0677 0.4113
vn 0.2165 0.8854 0.4113
vn -0.1215 0.9891 0.0830
vn -0.0433 0.3528 0.9347
vn -0.0866 0.7050 0.7039
vn 0.3221 0.1502 0.9347
vn 0.6437 0.3002 0.7039
vn 0.9032 0.4212 0.0830
vn 0.6797 -0.7288 0.0830
vn 0.2424 -0.2599 0.9347
vn 0.4845 -0.5194 0.7039
vn -0.4831 -0.8716 0.0830
vn -0.1723 -0.3109 0.9347
vn -0.3443 -0.6213 0.7039
vn -0.9782 0.1901 0.0830
vn -0.3489 0.0678 0.9347
vn -0.6973 0.1355 0.7039
vn -0.8948 0.1739 0.4113
vn -0.4419 -0.7972 0.4113
vn 0.6217 -0.6666 0.4113
vn 0.8261 0.3853 0.4113
vn -0.1111 0.9047 0.4113
vn 0.4845 -0.5195 0.7039
vt 0.375000 0.000000
vt 0.625000 0.000000
vt 0.625000 0.250000
vt 0.375000 0.250000
vt 0.625000 0.500000
vt 0.375000 0.500000
vt 0.625000 0.750000
vt 0.375000 0.750000
vt 0.625000 1.000000
vt 0.375000 1.000000
vt 0.125000 0.500000
vt 0.125000 0.750000
vt 0.875000 0.500000
vt 0.875000 0.750000
vt 0.250000 0.490000
vt 0.250000 0.250000
vt 0.457846 0.130000
vt 0.750000 0.490000
vt 0.957846 0.130000
vt 0.542154 0.130000
vt 0.042154 0.130000
vt 0.600000 0.250000
vt 0.600000 0.500000
vt 0.400000 0.500000
vt 0.400000 0.250000
vt 0.600000 0.750000
vt 0.500000 1.000000
vt 0.400000 0.750000
vt 0.600000 0.720441
vt 0.400000 0.720441
vt 0.300000 1.000000
vt 0.200000 0.750000
vt 0.200000 0.720441
vt 0.200000 0.500000
vt 0.200000 0.250000
vt 0.000000 0.500000
vt 0.000000 0.250000
vt 0.100000 1.000000
vt 0.000000 0.750000
vt 0.000000 0.720441
vt 1.000000 0.250000
vt 1.000000 0.500000
vt 0.800000 0.500000
vt 0.800000 0.250000
vt 1.000000 0.750000
vt 0.900000 1.000000
vt 0.800000 0.750000
vt 1.000000 0.720441
vt 0.800000 0.720441
vt 0.700000 1.000000
vt 0.800000 0.549324
vt 0.600000 0.549324
vt 1.000000 0.549324
vt 0.200000 0.549324
vt 0.000000 0.549324
vt 0.400000 0.549324
vt 0.600000 0.726651
vt 0.400000 0.726651
vt 0.200000 0.726651
vt 0.000000 0.726651
vt 1.000000 0.726651
vt 0.800000 0.726651
vt 0.600000 0.729372
vt 0.400000 0.729372
vt 0.200000 0.729372
vt 0.000000 0.729372
vt 1.000000 0.729372
vt 0.800000 0.729372
s 0
usemtl vertex_colors
f 554/372/318 555/373/318 557/374/318 556/375/318
f 556/375/319 557/374/319 561/376/319 560/377/319
f 560/377/320 561/376/320 559/378/320 558/379/320
f 558/379/321 559/378/321 555/380/321 554/381/321
f 556/382/322 560/377/322 558/379/322 554/383/322
f 567/376/323 566/374/323 563/374/323 564/376/323
f 564/376/324 563/384/324 562/385/324 565/378/324
f 568/378/325 567/376/325 564/376/325 565/378/325
f 566/374/326 569/373/326 562/373/326 563/374/326
f 569/380/327 568/378/327 565/378/327 562/380/327
f 555/380/328 559/378/328 568/378/328 569/380/328
f 557/374/329 555/373/329 569/373/329 566/374/329
f 559/378/330 561/376/330 567/376/330 568/378/330
f 561/376/331 557/374/331 566/374/331 567/376/331
f 570/386/332 573/387/332 571/388/332
f 570/389/322 571/390/322 572/391/322
f 571/388/333 573/387/333 572/392/333
f 572/392/334 573/387/334 570/386/334
f 574/386/335 577/387/335 575/388/335
f 574/389/322 575/390/322 576/391/322
f 575/388/336 577/387/336 576/392/336
f 576/392/337 577/387/337 574/386/337
f 578/386/338 581/387/338 579/388/338
f 578/389/322 579/390/322 580/391/322
f 579/388/339 581/387/339 580/392/339
f 580/392/340 581/387/340 578/386/340
f 584/393/341 583/394/341 586/395/341 587/396/341
f 582/397/342 591/398/342 585/399/342
f 645/400/343 582/397/343 585/399/343 646/401/343
f 585/399/344 591/402/344 588/403/344
f 646/401/345 585/399/345 588/403/345 647/404/345
f 587/396/346 586/395/346 589/405/346 590/406/346
f 590/406/347 589/405/347 593/407/347 594/408/347
f 588/403/348 591/409/348 592/410/348
f 647/404/349 588/403/349 592/410/349 648/411/349
f 594/412/350 593/413/350 596/414/350 597/415/350
f 592/416/351 591/417/351 595/418/351
f 648/419/352 592/416/352 595/418/352 649/420/352
f 597/415/353 596/414/353 583/394/353 584/393/353
f 595/418/354 591/421/354 582/397/354
f 649/420/355 595/418/355 582/397/355 645/400/355
f 596/414/356 602/422/356 598/423/356 583/394/356
f 593/413/357 601/424/357 602/422/357 596/414/357
f 589/405/358 600/425/358 601/426/358 593/407/358
f 586/395/359 599/427/359 600/425/359 589/405/359
f 583/394/360 598/423/360 599/427/360 586/395/360
f 605/393/361 604/394/361 607/395/361 608/396/361
f 603/397/362 612/398/362 606/399/362
f 655/428/363 603/397/363 606/399/363 656/429/363
f 606/399/364 612/402/364 609/403/364
f 656/429/365 606/399/365 609/403/365 657/430/365
f 608/396/366 607/395/366 610/405/366 611/406/366
f 611/406/367 610/405/367 614/407/367 615/408/367
f 609/403/368 612/409/368 613/410/368
f 657/430/369 609/403/369 613/410/369 658/431/369
f 615/412/370 614/413/370 617/414/370 618/415/370
f 613/416/371 612/417/371 616/418/371
f 658/432/372 613/416/372 616/418/372 659/433/372
f 618/415/373 617/414/373 604/394/373 605/393/373
f 616/418/374 612/421/374 603/397/374
f 659/433/375 616/418/375 603/397/375 655/428/375
f 617/414/376 623/422/376 619/423/376 604/394/376
f 614/413/377 622/424/377 623/422/377 617/414/377
f 610/405/378 621/425/378 622/426/378 614/407/378
f 607/395/379 620/427/379 621/425/379 610/405/379
f 604/394/380 619/423/380 620/427/380 607/395/380
f 626/393/361 625/394/361 628/395/361 629/396/361
f 624/397/362 633/398/362 627/399/362
f 650/434/363 624/397/363 627/399/363 651/435/363
f 627/399/364 633/402/364 630/403/364
f 651/435/365 627/399/365 630/403/365 652/436/365
f 629/396/366 628/395/366 631/405/366 632/406/366
f 632/406/367 631/405/367 635/407/367 636/408/367
f 630/403/368 633/409/368 634/410/368
f 652/436/381 630/403/381 634/410/381 653/437/381
f 636/412/370 635/413/370 638/414/370 639/415/370
f 634/416/371 633/417/371 637/418/371
f 653/438/372 634/416/372 637/418/372 654/439/372
f 639/415/373 638/414/373 625/394/373 626/393/373
f 637/418/374 633/421/374 624/397/374
f 654/439/375 637/418/375 624/397/375 650/434/375
f 638/414/376 644/422/376 640/423/376 625/394/376
f 635/413/377 643/424/377 644/422/377 638/414/377
f 631/405/378 642/425/378 643/426/378 635/407/378
f 628/395/379 641/427/379 642/425/379 631/405/379
f 625/394/380 640/423/380 641/427/380 628/395/380
f 602/422/355 649/420/355 645/400/355 598/423/355
f 601/424/352 648/419/352 649/420/352 602/422/352
f 600/425/349 647/404/349 648/411/349 601/426/349
f 599/427/345 646/401/345 647/404/345 600/425/345
f 598/423/343 645/400/343 646/401/343 599/427/343
f 644/422/375 654/439/375 650/434/375 640/423/375
f 643/424/372 653/438/372 654/439/372 644/422/372
f 642/425/381 652/436/381 653/437/381 643/426/381
f 641/427/365 651/435/365 652/436/365 642/425/365
f 640/423/363 650/434/363 651/435/363 641/427/363
f 623/422/375 659/433/375 655/428/375 619/423/375
f 622/424/372 658/432/372 659/433/372 623/422/372
f 621/425/381 657/430/381 658/431/381 622/426/381
f 620/427/365 656/429/365 657/430/365 621/425/365
f 619/423/363 655/428/363 656/429/363 620/427/363
o kid_body_M.010
v 11.127883 5.953612 -0.331316
v 10.876595 1.175531 -0.711127
v 11.127883 5.953612 0.231385
v 10.876595 1.175531 0.595614
v 11.618372 1.175531 -0.539819
v 11.618372 1.175531 0.539819
v 11.025406 1.175531 -0.539819
v 11.025406 1.175531 0.539819
v 11.135810 0.049922 -0.227668
v 11.135810 0.049922 0.227668
v 11.507968 0.049922 -0.227668
v 11.507968 0.049922 0.227668
v 11.031539 1.112997 0.522477
v 11.612239 1.112997 0.522477
v 11.031539 1.112997 -0.522477
v 11.612239 1.112997 -0.522477
v 11.393581 1.175531 -0.780132
v 11.589639 5.953612 0.284811
v 11.388663 1.175531 0.631290
v 11.589639 5.953612 -0.433856
v 11.678398 5.953612 0.295081
v 11.706671 5.953612 -0.327914
v 10.684334 1.175531 -1.000000
v 10.684334 1.175531 0.900069
v 11.383225 1.175531 -1.102540
v 11.383225 1.175531 0.953495
v 11.085279 5.494662 0.295614
v 11.085279 5.494662 -0.395545
v 11.569813 5.494662 -0.498085
v 11.569813 5.494662 0.349040
v 12.855264 5.953612 -0.331316
v 13.106551 1.175531 -0.711127
v 12.855264 5.953612 0.231385
v 13.106551 1.175531 0.595614
v 12.364775 1.175531 -0.539819
v 12.364775 1.175531 0.539819
v 12.957741 1.175531 -0.539819
v 12.957741 1.175531 0.539819
v 12.847337 0.049922 -0.227668
v 12.847337 0.049922 0.227668
v 12.475179 0.049922 -0.227668
v 12.475179 0.049922 0.227668
v 11.991573 1.175531 -1.191795
v 11.991573 5.953612 0.331316
v 11.991573 1.175531 1.000000
v 11.991573 5.953612 -0.523111
v 12.951608 1.112997 0.522477
v 12.370908 1.112997 0.522477
v 12.951608 1.112997 -0.522477
v 12.370908 1.112997 -0.522477
v 12.589565 1.175531 -0.780132
v 12.393508 5.953612 0.284811
v 12.594483 1.175531 0.631290
v 12.393508 5.953612 -0.433856
v 11.991573 4.810162 0.491340
v 11.991573 5.002317 0.464448
v 12.304749 5.953612 0.295081
v 11.991573 5.953612 -0.440725
v 12.276476 5.953612 -0.327914
v 13.298813 1.175531 -1.000000
v 13.298813 1.175531 0.900069
v 12.599921 1.175531 -1.102540
v 12.599921 1.175531 0.953495
v 11.991573 1.175531 0.661251
v 11.991573 1.175531 -0.837103
v 12.897867 5.494662 0.295614
v 12.897867 5.494662 -0.395545
v 11.991573 5.494662 -0.587340
v 11.991573 4.461044 0.540198
v 12.413334 5.494662 -0.498085
v 12.413334 5.494662 0.349040
v 11.135810 0.049922 -0.227668
v 11.135810 0.049922 0.227668
v 11.507968 0.049922 -0.227668
v 11.507968 0.049922 0.227668
v 12.847337 0.049922 -0.227668
v 12.847337 0.049922 0.227668
v 12.475179 0.049922 -0.227668
v 12.475179 0.049922 0.227668
vn -0.0000 1.0000 -0.0000
vn -0.1110 0.1451 0.9832
vn -0.9957 0.0924 -0.0000
vn -0.0000 -0.2672 0.9636
vn -0.9952 -0.0976 -0.0000
vn 0.9952 -0.0976 -0.0000
vn -0.0000 -0.2672 -0.9636
vn -0.2097 0.1400 -0.9677
vn -0.0000 -1.0000 -0.0000
vn -0.2094 0.1495 -0.9663
vn -0.1044 0.1404 0.9846
vn -0.1138 0.1377 0.9839
vn -0.0869 0.1402 0.9863
vn -0.1689 0.1479 -0.9745
vn -0.1691 0.1402 -0.9756
vn -0.0890 0.1440 0.9856
vn 0.1110 0.1451 0.9832
vn 0.9957 0.0924 -0.0000
vn 0.2097 0.1400 -0.9677
vn 0.2094 0.1495 -0.9663
vn 0.1044 0.1404 0.9846
vn 0.1138 0.1377 0.9839
vn 0.0869 0.1402 0.9863
vn 0.1689 0.1479 -0.9745
vn 0.1691 0.1402 -0.9756
vn 0.0890 0.1440 0.9856
vt 0.808171 0.500000
vt 0.875000 0.500000
vt 0.875000 0.750000
vt 0.808171 0.750000
vt 0.600987 0.933171
vt 0.625000 0.933171
vt 0.625000 1.000000
vt 0.600987 1.000000
vt 0.600987 0.000000
vt 0.625000 0.000000
vt 0.625000 0.250000
vt 0.600987 0.250000
vt 0.375000 0.750000
vt 0.125000 0.750000
vt 0.125000 0.750000
vt 0.125000 0.500000
vt 0.375000 0.500000
vt 0.600987 0.316829
vt 0.625000 0.316829
vt 0.625000 0.375000
vt 0.600987 0.375000
vt 0.192819 0.508726
vt 0.243178 0.508354
vt 0.243178 0.741698
vt 0.192349 0.741324
vt 0.131822 0.509249
vt 0.131822 0.740804
vt 0.546905 0.875000
vt 0.565172 0.875000
vt 0.750000 0.500000
vt 0.791233 0.542762
vt 0.750000 0.524106
vt 0.575226 0.875000
vt 0.625000 0.920325
vt 0.625000 0.875000
vt 0.795325 0.750000
vt 0.750000 0.750000
vt 0.191829 0.500000
vt 0.250000 0.750000
vt 0.191829 0.750000
vt 0.250000 0.500000
vt 0.375000 0.875000
vt 0.375000 0.933171
vt 0.375000 0.250000
vt 0.375000 0.316829
vt 0.375000 0.375000
vt 0.375000 0.000000
vt 0.375000 1.000000
s 0
usemtl vertex_colors
f 679/440/382 660/441/382 662/442/382 677/443/382
f 689/444/383 677/445/383 662/446/383 686/447/383
f 686/448/384 662/449/384 660/450/384 687/451/384
f 673/452/385 672/453/385 669/454/385 671/452/385
f 672/453/386 674/455/386 668/455/386 669/454/386
f 675/456/387 673/452/387 671/452/387 670/456/387
f 674/455/388 675/456/388 670/456/388 668/455/388
f 688/457/389 679/458/389 705/459/389 727/460/389
f 676/461/390 724/462/390 723/463/390 678/464/390
f 666/455/388 664/456/388 675/456/388 674/455/388
f 664/456/387 665/452/387 673/452/387 675/456/387
f 667/454/386 666/455/386 674/455/386 672/453/386
f 665/452/385 667/454/385 672/453/385 673/452/385
f 661/465/390 676/461/390 678/464/390 663/466/390
f 687/451/391 660/450/391 679/458/391 688/457/391
f 728/467/392 714/468/392 677/445/392 689/444/392
f 705/469/382 679/440/382 681/470/382 717/471/382
f 677/445/393 714/468/393 715/472/393 680/473/393
f 680/473/393 715/472/393 703/474/393
f 717/471/382 681/470/382 680/475/382 703/476/382
f 681/470/382 679/440/382 677/443/382 680/475/382
f 661/465/390 663/466/390 683/454/390 682/455/390
f 676/461/390 661/465/390 682/455/390 684/477/390
f 678/464/390 723/463/390 704/478/390 685/479/390
f 724/462/390 676/461/390 684/477/390 702/480/390
f 663/466/390 678/464/390 685/479/390 683/454/390
f 704/481/394 728/467/394 689/444/394 685/482/394
f 682/483/395 687/451/395 688/457/395 684/484/395
f 684/484/396 688/457/396 727/460/396 702/485/396
f 683/486/384 686/448/384 687/451/384 682/483/384
f 685/482/397 689/444/397 686/447/397 683/487/397
f 713/440/382 711/443/382 692/442/382 690/441/382
f 730/444/398 725/447/398 692/446/398 711/445/398
f 725/448/399 726/451/399 690/450/399 692/449/399
f 707/452/385 701/452/385 699/454/385 706/453/385
f 706/453/387 699/454/387 698/455/387 708/455/387
f 709/456/386 700/456/386 701/452/386 707/452/386
f 708/455/388 698/455/388 700/456/388 709/456/388
f 729/457/400 727/460/400 705/459/400 713/458/400
f 710/461/390 712/464/390 723/463/390 724/462/390
f 696/455/388 708/455/388 709/456/388 694/456/388
f 694/456/386 709/456/386 707/452/386 695/452/386
f 697/454/387 706/453/387 708/455/387 696/455/387
f 695/452/385 707/452/385 706/453/385 697/454/385
f 691/465/390 693/466/390 712/464/390 710/461/390
f 726/451/401 729/457/401 713/458/401 690/450/401
f 728/467/402 730/444/402 711/445/402 714/468/402
f 705/469/382 717/471/382 718/470/382 713/440/382
f 711/445/403 716/473/403 715/472/403 714/468/403
f 716/473/403 703/474/403 715/472/403
f 717/471/382 703/476/382 716/475/382 718/470/382
f 718/470/382 716/475/382 711/443/382 713/440/382
f 691/465/390 719/455/390 720/454/390 693/466/390
f 710/461/390 721/477/390 719/455/390 691/465/390
f 712/464/390 722/479/390 704/478/390 723/463/390
f 724/462/390 702/480/390 721/477/390 710/461/390
f 693/466/390 720/454/390 722/479/390 712/464/390
f 704/481/404 722/482/404 730/444/404 728/467/404
f 719/483/405 721/484/405 729/457/405 726/451/405
f 721/484/406 702/485/406 727/460/406 729/457/406
f 720/486/399 719/483/399 726/451/399 725/448/399
f 722/482/407 720/487/407 725/447/407 730/444/407
f 731/455/390 733/456/390 734/452/390 732/454/390
f 735/455/390 736/454/390 738/452/390 737/456/390
o kid_body_M.013
v 10.450554 3.824056 0.327336
v 10.450554 3.824056 -0.327335
v 10.757774 5.727364 -0.226914
v 10.757774 5.727364 0.226914
v 10.822599 3.635415 0.327336
v 11.167047 5.914599 0.226914
v 10.822599 3.635415 -0.327335
v 11.167047 5.914599 -0.226914
v 10.424417 4.478221 0.380220
v 10.424417 4.478221 -0.380219
v 11.021435 4.477519 -0.380219
v 11.021435 4.477519 0.380220
v 10.511499 4.395112 -0.287615
v 10.898270 4.355143 -0.287615
v 10.511499 4.395112 0.287615
v 10.898270 4.355143 0.287615
v 10.497980 4.408014 0.301992
v 10.917391 4.374142 0.301992
v 10.497980 4.408014 -0.301992
v 10.917391 4.374142 -0.301992
v 11.094240 5.196059 -0.303567
v 10.591095 5.102792 -0.303567
v 11.094240 5.196059 0.303567
v 10.591095 5.102792 0.303567
vn -0.0368 0.1198 -0.9921
vn 0.0179 0.0595 -0.9981
vn -0.4522 -0.8919 -0.0000
vn -0.4160 0.9094 -0.0000
vn 0.9949 -0.1008 -0.0000
vn -0.0368 0.1198 0.9921
vn -0.6904 -0.7234 -0.0000
vn -0.0227 -0.6671 0.7446
vn -0.9662 0.2578 -0.0000
vn 0.7048 -0.7094 -0.0000
vn 0.9945 -0.1046 -0.0000
vn 0.0179 0.0595 0.9981
vn -0.9944 0.1061 -0.0000
vn -0.0607 -0.6624 -0.7467
vn -0.0227 -0.6671 -0.7446
vn -0.0607 -0.6624 0.7467
vn -0.0097 0.1151 0.9933
vn -0.0097 0.1151 -0.9933
vt 0.625000 0.250000
vt 0.562500 0.250000
vt 0.473884 0.250000
vt 0.375000 0.250000
vt 0.375000 0.000000
vt 0.625000 0.000000
vt 0.562500 0.000000
vt 0.477938 0.000000
vt 0.500000 0.000000
vt 0.500000 0.250000
vt 0.477938 0.250000
vt 0.477938 0.000000
vt 0.500000 0.000000
vt 0.473883 0.000000
vt 0.473884 0.000000
s 0
usemtl vertex_colors
f 746/488/408 759/489/408 760/489/408 741/488/408
f 752/490/409 745/491/409 740/491/409 751/490/409
f 745/491/410 743/492/410 739/492/410 740/491/410
f 744/493/411 746/488/411 741/488/411 742/493/411
f 761/494/412 759/489/412 746/488/412 744/493/412
f 761/494/413 744/493/413 742/493/413 762/494/413
f 755/495/414 747/496/414 748/497/414 757/498/414
f 756/499/415 750/500/415 747/496/415 755/495/415
f 762/494/416 742/493/416 741/488/416 760/489/416
f 756/499/417 758/498/417 749/497/417 750/500/417
f 743/492/418 745/491/418 752/490/418 754/501/418
f 743/492/419 754/501/419 753/502/419 739/492/419
f 739/492/420 753/502/420 751/490/420 740/491/420
f 758/498/421 752/490/421 751/490/421 757/498/421
f 749/497/422 758/498/422 757/498/422 748/497/422
f 754/501/417 752/490/417 758/498/417 756/499/417
f 754/501/423 756/499/423 755/495/423 753/502/423
f 753/502/414 755/495/414 757/498/414 751/490/414
f 750/500/412 749/497/412 759/489/412 761/494/412
f 750/500/424 761/494/424 762/494/424 747/496/424
f 747/496/416 762/494/416 760/489/416 748/497/416
f 759/489/425 749/497/425 748/497/425 760/489/425
o kid_body_M.014
v 13.532593 3.824056 0.327336
v 13.532593 3.824056 -0.327335
v 13.225372 5.727364 -0.226914
v 13.225372 5.727364 0.226914
v 13.160547 3.635415 0.327336
v 12.816100 5.914599 0.226914
v 13.160547 3.635415 -0.327335
v 12.816100 5.914599 -0.226914
v 13.558730 4.478221 0.380220
v 13.558730 4.478221 -0.380219
v 12.961712 4.477519 -0.380219
v 12.961712 4.477519 0.380220
v 13.471647 4.395112 -0.287615
v 13.084877 4.355143 -0.287615
v 13.471647 4.395112 0.287615
v 13.084877 4.355143 0.287615
v 13.485167 4.408014 0.301992
v 13.065756 4.374142 0.301992
v 13.485167 4.408014 -0.301992
v 13.065756 4.374142 -0.301992
v 13.392052 5.102792 0.303567
v 12.888906 5.196059 0.303567
v 13.392052 5.102792 -0.303567
v 12.888906 5.196059 -0.303567
vn -0.0179 0.0595 -0.9981
vn 0.4522 -0.8919 -0.0000
vn 0.4160 0.9094 -0.0000
vn -0.9949 -0.1008 -0.0000
vn 0.0368 0.1198 0.9921
vn 0.6904 -0.7234 -0.0000
vn 0.0227 -0.6671 0.7446
vn 0.9662 0.2578 -0.0000
vn -0.7048 -0.7094 -0.0000
vn -0.9945 -0.1046 -0.0000
vn -0.0179 0.0595 0.9981
vn 0.9944 0.1061 -0.0000
vn 0.0607 -0.6624 -0.7467
vn 0.0227 -0.6671 -0.7446
vn 0.0607 -0.6624 0.7467
vn -0.0001 0.1218 -0.9926
vn 0.0368 0.1198 -0.9921
vn 0.0097 0.1151 0.9933
vn 0.0200 0.1081 -0.9939
vt 0.473884 0.250000
vt 0.375000 0.250000
vt 0.375000 0.000000
vt 0.625000 0.000000
vt 0.625000 0.250000
vt 0.562500 0.000000
vt 0.562500 0.250000
vt 0.477938 0.000000
vt 0.477938 0.250000
vt 0.500000 0.250000
vt 0.500000 0.000000
vt 0.477938 0.000000
vt 0.500000 0.000000
vt 0.562500 0.250000
vt 0.473883 0.000000
vt 0.473884 0.000000
s 0
usemtl vertex_colors
f 776/503/426 775/503/426 764/504/426 769/504/426
f 769/504/427 764/504/427 763/505/427 767/505/427
f 768/506/428 766/506/428 765/507/428 770/507/428
f 784/508/429 768/506/429 770/507/429 786/509/429
f 784/508/430 783/508/430 766/506/430 768/506/430
f 779/510/431 781/511/431 772/512/431 771/513/431
f 780/514/432 779/510/432 771/513/432 774/515/432
f 783/508/433 785/516/433 765/507/433 766/506/433
f 780/514/434 774/515/434 773/512/434 782/511/434
f 767/505/435 778/517/435 776/503/435 769/504/435
f 767/505/436 763/505/436 777/518/436 778/517/436
f 763/505/437 764/504/437 775/503/437 777/518/437
f 782/511/438 781/511/438 775/503/438 776/503/438
f 773/512/439 772/512/439 781/511/439 782/511/439
f 778/517/434 780/514/434 782/511/434 776/503/434
f 778/517/440 777/518/440 779/510/440 780/514/440
f 777/518/431 775/503/431 781/511/431 779/510/431
f 785/516/441 772/512/441 773/512/441
f 770/507/442 765/507/442 785/516/442 786/509/442
f 771/513/433 772/512/433 785/516/433 783/508/433
f 774/515/443 771/513/443 783/508/443 784/508/443
f 774/515/429 784/508/429 786/509/429 773/512/429
f 786/509/444 785/516/444 773/512/444
o kid_body_M.015
v 11.847044 5.819410 0.144530
v 11.353564 6.385077 0.638009
v 11.847044 5.819410 -0.144530
v 11.480083 6.385077 -0.638009
v 11.984119 5.819410 0.053547
v 12.629582 6.385077 0.638009
v 12.136103 5.819410 -0.144530
v 12.503063 6.385077 -0.638009
v 11.562649 7.593288 0.428925
v 11.562649 7.593288 -0.428925
v 12.420499 7.593288 -0.428925
v 12.420499 7.593288 0.428925
v 11.480083 7.102268 -0.638009
v 12.503063 7.102268 -0.638009
v 12.629582 7.102268 0.638009
v 11.353564 7.102268 0.638009
v 11.991573 7.940120 -0.563036
v 11.991573 7.793911 0.203648
v 12.124022 7.593288 0.428925
v 12.420499 7.593288 -0.428925
v 11.562649 7.593288 -0.428925
v 11.859125 7.593288 0.428925
v 12.250364 6.886199 0.809155
v 12.207814 6.990168 0.706752
v 12.203933 6.999652 0.607264
v 12.338422 6.864663 0.809155
v 12.424154 6.937258 0.706752
v 12.431974 6.943880 0.607264
v 12.345151 6.774260 0.809155
v 12.440686 6.715157 0.706752
v 12.449400 6.709765 0.607264
v 12.279572 6.814830 0.832876
v 12.261251 6.739923 0.809155
v 12.234564 6.630801 0.706752
v 12.232129 6.620847 0.607264
v 12.202670 6.809106 0.809155
v 12.090641 6.800767 0.706752
v 12.080422 6.800007 0.607264
v 12.211961 6.980036 0.726381
v 12.415799 6.930183 0.726381
v 12.431376 6.720917 0.726381
v 12.237164 6.641436 0.726381
v 12.101559 6.801579 0.726381
v 11.817163 6.674430 0.783423
v 11.728209 6.769810 0.664535
v 11.720095 6.778510 0.549031
v 11.921626 6.687263 0.783423
v 11.984849 6.801337 0.664535
v 11.990616 6.811743 0.549031
v 11.966111 6.591879 0.783423
v 12.094140 6.567000 0.664535
v 12.105819 6.564732 0.549031
v 11.878226 6.608956 0.810963
v 11.889143 6.520096 0.783423
v 11.905046 6.390645 0.664535
v 11.906496 6.378838 0.549031
v 11.797088 6.571115 0.783423
v 11.678887 6.515988 0.664535
v 11.668106 6.510960 0.549031
v 11.736878 6.760514 0.687324
v 11.978688 6.790220 0.687324
v 12.081663 6.569426 0.687324
v 11.903496 6.403261 0.687324
v 11.690407 6.521360 0.687324
v 11.781223 7.000053 0.754851
v 11.726746 7.058466 0.682041
v 11.721776 7.063794 0.611304
v 11.845198 7.007913 0.754851
v 11.883917 7.077774 0.682041
v 11.887448 7.084146 0.611304
v 11.872441 6.949497 0.754851
v 11.950849 6.934261 0.682041
v 11.958001 6.932872 0.611304
v 11.818619 6.959956 0.771717
v 11.825304 6.905536 0.754851
v 11.835043 6.826258 0.682041
v 11.835932 6.819026 0.611304
v 11.768929 6.936781 0.754851
v 11.696540 6.903021 0.682041
v 11.689937 6.899940 0.611304
v 11.732055 7.052773 0.695997
v 11.880143 7.070966 0.695997
v 11.943208 6.935746 0.695997
v 11.834094 6.833984 0.695997
v 11.703594 6.906310 0.695997
v 12.244707 6.900021 0.796962
v 12.349819 6.874314 0.796962
v 12.357852 6.766402 0.796962
v 12.257704 6.725416 0.796962
v 12.187777 6.807998 0.796962
v 11.776169 7.005472 0.748801
v 11.848789 7.014394 0.748801
v 11.879715 6.948084 0.748801
v 11.826208 6.898181 0.748801
v 11.762213 6.933649 0.748801
v 11.807822 6.684445 0.772242
v 11.928265 6.699243 0.772242
v 11.979556 6.589267 0.772242
v 11.890813 6.506502 0.772242
v 11.784676 6.565326 0.772242
v 11.641751 7.136941 -0.638496
v 12.010657 7.209871 -1.097690
v 12.383100 7.136941 -0.638496
v 11.661613 6.264935 -0.766638
v 11.998039 6.423554 -1.229160
v 12.288666 6.526765 -0.831970
v 12.171733 5.957419 -0.751401
v 12.466325 6.048775 -1.106670
v 12.420826 6.424470 -0.848698
v 12.378182 5.937504 -0.725318
v 12.805321 6.018998 -0.702764
v 12.579828 6.313711 -0.699996
v 12.502471 5.974598 0.332202
v 12.926210 6.077582 0.187140
v 12.700718 6.372295 0.189908
v 12.565469 5.738903 0.411439
v 12.933461 5.825352 0.460523
v 12.735864 6.125228 0.699161
v 12.693879 5.274334 0.546698
v 12.851972 5.296697 0.565997
v 12.760875 5.361401 0.659826
v 12.768909 4.915921 0.590840
vn -0.7943 -0.6041 -0.0642
vn -0.0000 -0.6574 -0.7536
vn 0.7446 -0.6674 0.0129
vn 0.0464 -0.6923 0.7201
vn -0.0000 -1.0000 -0.0000
vn -0.0000 0.3918 -0.9201
vn -0.0000 1.0000 -0.0000
vn 0.9571 0.2842 -0.0567
vn -0.9571 0.2842 -0.0567
vn -0.0000 0.3918 0.9201
vn -0.0000 -0.0000 1.0000
vn -0.9951 -0.0000 -0.0987
vn 0.9951 -0.0000 -0.0987
vn -0.0000 -0.0000 -1.0000
vn 0.5926 0.7912 0.1509
vn -0.6714 0.7038 0.2320
vn -0.0000 0.7468 0.6651
vn 0.2367 0.9680 0.0830
vn 0.0844 0.3452 0.9347
vn 0.1687 0.6900 0.7039
vn 0.3544 0.0264 0.9347
vn 0.7083 0.0527 0.7039
vn 0.9938 0.0740 0.0830
vn 0.3775 -0.9223 0.0830
vn 0.1346 -0.3289 0.9347
vn 0.2690 -0.6574 0.7039
vn -0.7605 -0.6440 0.0830
vn -0.2712 -0.2297 0.9347
vn -0.5421 -0.4590 0.7039
vn -0.8475 0.5243 0.0830
vn -0.3022 0.1870 0.9347
vn -0.6041 0.3737 0.7039
vn -0.7752 0.4796 0.4113
vn -0.6956 -0.5890 0.4113
vn 0.3452 -0.8436 0.4113
vn 0.9090 0.0677 0.4113
vn 0.2165 0.8854 0.4113
vn -0.1215 0.9891 0.0830
vn -0.0433 0.3528 0.9347
vn -0.0866 0.7050 0.7039
vn 0.3221 0.1502 0.9347
vn 0.6437 0.3002 0.7039
vn 0.9032 0.4212 0.0830
vn 0.6797 -0.7288 0.0830
vn 0.2424 -0.2599 0.9347
vn 0.4845 -0.5195 0.7039
vn -0.4831 -0.8716 0.0830
vn -0.1723 -0.3109 0.9347
vn -0.3443 -0.6213 0.7039
vn -0.9782 0.1901 0.0830
vn -0.3489 0.0678 0.9347
vn -0.6973 0.1355 0.7039
vn -0.8948 0.1739 0.4113
vn -0.4419 -0.7972 0.4113
vn 0.6217 -0.6666 0.4113
vn 0.8261 0.3853 0.4113
vn -0.1111 0.9047 0.4113
vn 0.6714 0.7038 0.2320
vn -0.5926 0.7912 0.1509
vn 0.6710 0.3865 -0.6328
vn -0.6708 0.3534 -0.6520
vn -0.0000 -0.4173 0.9088
vn 0.0877 -0.2154 0.9726
vn 0.7866 0.0821 -0.6120
vn -0.8017 0.0890 -0.5911
vn 0.0810 0.1233 0.9891
vn 0.5535 0.5600 -0.6164
vn -0.4251 -0.7203 -0.5482
vn -0.3399 0.2588 0.9041
vn 0.7072 0.4857 -0.5138
vn 0.1129 -0.9605 -0.2542
vn -0.8788 0.4692 0.0868
vn 0.7850 0.6020 -0.1463
vn 0.2147 -0.9765 0.0209
vn -0.8358 -0.0393 0.5477
vn 0.7735 0.5896 0.2327
vn 0.0406 -0.5814 -0.8126
vn -0.8265 -0.0595 0.5598
vn 0.7553 0.0005 0.6553
vn 0.1711 -0.2244 -0.9593
vn -0.8195 -0.1021 0.5639
vn 0.6783 -0.1005 0.7279
vn 0.1337 -0.0935 -0.9866
vn -0.8052 0.5098 0.3029
vn 0.8887 0.3485 0.2979
vn -0.8804 0.4659 0.0889
vt 0.375000 0.000000
vt 0.625000 0.000000
vt 0.625000 0.250000
vt 0.375000 0.250000
vt 0.625000 0.500000
vt 0.375000 0.500000
vt 0.625000 0.750000
vt 0.375000 0.750000
vt 0.625000 1.000000
vt 0.375000 1.000000
vt 0.125000 0.500000
vt 0.125000 0.750000
vt 0.875000 0.500000
vt 0.875000 0.750000
vt 0.600000 0.250000
vt 0.600000 0.500000
vt 0.400000 0.500000
vt 0.400000 0.250000
vt 0.600000 0.750000
vt 0.500000 1.000000
vt 0.400000 0.750000
vt 0.600000 0.720441
vt 0.400000 0.720441
vt 0.300000 1.000000
vt 0.200000 0.750000
vt 0.200000 0.720441
vt 0.200000 0.500000
vt 0.200000 0.250000
vt 0.000000 0.500000
vt 0.000000 0.250000
vt 0.100000 1.000000
vt 0.000000 0.750000
vt 0.000000 0.720441
vt 1.000000 0.250000
vt 1.000000 0.500000
vt 0.800000 0.500000
vt 0.800000 0.250000
vt 1.000000 0.750000
vt 0.900000 1.000000
vt 0.800000 0.750000
vt 1.000000 0.720441
vt 0.800000 0.720441
vt 0.700000 1.000000
vt 0.800000 0.549324
vt 0.600000 0.549324
vt 1.000000 0.549324
vt 0.200000 0.549324
vt 0.000000 0.549324
vt 0.400000 0.549324
vt 0.600000 0.726651
vt 0.400000 0.726651
vt 0.200000 0.726651
vt 0.000000 0.726651
vt 1.000000 0.726651
vt 0.800000 0.726651
vt 0.600000 0.729372
vt 0.400000 0.729372
vt 0.200000 0.729372
vt 0.000000 0.729372
vt 1.000000 0.729372
vt 0.800000 0.729372
s 0
usemtl vertex_colors
f 787/519/445 788/520/445 790/521/445 789/522/445
f 789/522/446 790/521/446 794/523/446 793/524/446
f 793/524/447 794/523/447 792/525/447 791/526/447
f 791/526/448 792/525/448 788/527/448 787/528/448
f 789/529/449 793/524/449 791/526/449 787/530/449
f 800/523/450 799/521/450 796/521/450 797/523/450
f 797/523/451 796/531/451 795/532/451 798/525/451
f 801/525/452 800/523/452 797/523/452 798/525/452
f 799/521/453 802/520/453 795/520/453 796/521/453
f 802/527/454 801/525/454 798/525/454 795/527/454
f 788/527/455 792/525/455 801/525/455 802/527/455
f 790/521/456 788/520/456 802/520/456 799/521/456
f 792/525/457 794/523/457 800/523/457 801/525/457
f 794/523/458 790/521/458 799/521/458 800/523/458
f 806/523/459 803/523/459 804/525/459
f 807/531/460 808/532/460 804/532/460
f 808/532/461 805/525/461 804/532/461
f 811/533/462 810/534/462 813/535/462 814/536/462
f 809/537/463 818/538/463 812/539/463
f 872/540/464 809/537/464 812/539/464 873/541/464
f 812/539/465 818/542/465 815/543/465
f 873/541/466 812/539/466 815/543/466 874/544/466
f 814/536/467 813/535/467 816/545/467 817/546/467
f 817/546/468 816/545/468 820/547/468 821/548/468
f 815/543/469 818/549/469 819/550/469
f 874/544/470 815/543/470 819/550/470 875/551/470
f 821/552/471 820/553/471 823/554/471 824/555/471
f 819/556/472 818/557/472 822/558/472
f 875/559/473 819/556/473 822/558/473 876/560/473
f 824/555/474 823/554/474 810/534/474 811/533/474
f 822/558/475 818/561/475 809/537/475
f 876/560/476 822/558/476 809/537/476 872/540/476
f 823/554/477 829/562/477 825/563/477 810/534/477
f 820/553/478 828/564/478 829/562/478 823/554/478
f 816/545/479 827/565/479 828/566/479 820/547/479
f 813/535/480 826/567/480 827/565/480 816/545/480
f 810/534/481 825/563/481 826/567/481 813/535/481
f 832/533/482 831/534/482 834/535/482 835/536/482
f 830/537/483 839/538/483 833/539/483
f 882/568/484 830/537/484 833/539/484 883/569/484
f 833/539/485 839/542/485 836/543/485
f 883/569/486 833/539/486 836/543/486 884/570/486
f 835/536/487 834/535/487 837/545/487 838/546/487
f 838/546/488 837/545/488 841/547/488 842/548/488
f 836/543/489 839/549/489 840/550/489
f 884/570/490 836/543/490 840/550/490 885/571/490
f 842/552/491 841/553/491 844/554/491 845/555/491
f 840/556/492 839/557/492 843/558/492
f 885/572/493 840/556/493 843/558/493 886/573/493
f 845/555/494 844/554/494 831/534/494 832/533/494
f 843/558/495 839/561/495 830/537/495
f 886/573/496 843/558/496 830/537/496 882/568/496
f 844/554/497 850/562/497 846/563/497 831/534/497
f 841/553/498 849/564/498 850/562/498 844/554/498
f 837/545/499 848/565/499 849/566/499 841/547/499
f 834/535/500 847/567/500 848/565/500 837/545/500
f 831/534/501 846/563/501 847/567/501 834/535/501
f 853/533/482 852/534/482 855/535/482 856/536/482
f 851/537/483 860/538/483 854/539/483
f 877/574/484 851/537/484 854/539/484 878/575/484
f 854/539/485 860/542/485 857/543/485
f 878/575/486 854/539/486 857/543/486 879/576/486
f 856/536/487 855/535/487 858/545/487 859/546/487
f 859/546/488 858/545/488 862/547/488 863/548/488
f 857/543/489 860/549/489 861/550/489
f 879/576/490 857/543/490 861/550/490 880/577/490
f 863/552/491 862/553/491 865/554/491 866/555/491
f 861/556/492 860/557/492 864/558/492
f 880/578/493 861/556/493 864/558/493 881/579/493
f 866/555/494 865/554/494 852/534/494 853/533/494
f 864/558/495 860/561/495 851/537/495
f 881/579/496 864/558/496 851/537/496 877/574/496
f 865/554/497 871/562/497 867/563/497 852/534/497
f 862/553/498 870/564/498 871/562/498 865/554/498
f 858/545/499 869/565/499 870/566/499 862/547/499
f 855/535/500 868/567/500 869/565/500 858/545/500
f 852/534/501 867/563/501 868/567/501 855/535/501
f 829/562/476 876/560/476 872/540/476 825/563/476
f 828/564/473 875/559/473 876/560/473 829/562/473
f 827/565/470 874/544/470 875/551/470 828/566/470
f 826/567/466 873/541/466 874/544/466 827/565/466
f 825/563/464 872/540/464 873/541/464 826/567/464
f 871/562/496 881/579/496 877/574/496 867/563/496
f 870/564/493 880/578/493 881/579/493 871/562/493
f 869/565/490 879/576/490 880/577/490 870/566/490
f 868/567/486 878/575/486 879/576/486 869/565/486
f 867/563/484 877/574/484 878/575/484 868/567/484
f 850/562/496 886/573/496 882/568/496 846/563/496
f 849/564/493 885/572/493 886/573/493 850/562/493
f 848/565/490 884/570/490 885/571/490 849/566/490
f 847/567/486 883/569/486 884/570/486 848/565/486
f 846/563/484 882/568/484 883/569/484 847/567/484
f 805/525/502 806/523/502 804/525/502
f 803/531/503 807/531/503 804/532/503
f 803/523/504 806/523/504 889/523/504 888/523/504
f 807/531/505 803/531/505 888/531/505 887/531/505
f 807/531/506 887/531/506 889/523/506 806/523/506
f 889/523/507 887/531/507 890/531/507 892/523/507
f 888/523/508 889/523/508 892/523/508 891/523/508
f 887/531/509 888/531/509 891/531/509 890/531/509
f 892/523/510 890/531/510 893/531/510 895/523/510
f 891/523/511 892/523/511 895/523/511 894/523/511
f 890/531/512 891/531/512 894/531/512 893/531/512
f 895/523/513 893/531/513 896/531/513 898/523/513
f 894/523/514 895/523/514 898/523/514 897/523/514
f 893/531/515 894/531/515 897/531/515 896/531/515
f 896/531/516 899/531/516 901/523/516
f 897/523/517 898/523/517 901/523/517
f 896/531/518 897/531/518 900/531/518 899/531/518
f 899/531/519 902/531/519 904/523/519
f 900/523/520 901/523/520 904/523/520
f 899/531/521 900/531/521 903/531/521 902/531/521
f 904/523/522 902/531/522 905/531/522 907/523/522
f 903/523/523 904/523/523 907/523/523 906/523/523
f 902/531/524 903/531/524 906/531/524 905/531/524
f 907/523/525 905/531/525 908/523/525
f 906/523/526 907/523/526 908/523/526
f 905/531/527 906/531/527 908/531/527
f 901/523/528 899/531/528 904/523/528
f 903/523/529 900/523/529 904/523/529
f 898/523/530 896/531/530 901/523/530
f 900/523/517 897/523/517 901/523/517
o kid_body_M.016
v -18.853199 5.953612 -0.474978
v -19.104488 1.175531 -0.854790
v -18.853199 5.953612 0.087723
v -19.104488 1.175531 0.451951
v -18.362711 1.175531 -0.683481
v -18.362711 1.175531 0.396156
v -18.955677 1.175531 -0.683481
v -18.955677 1.175531 0.396156
v -18.845272 0.049922 -0.371331
v -18.845272 0.049922 0.084006
v -18.473116 0.049922 -0.371331
v -18.473116 0.049922 0.084006
v -18.949543 1.112997 0.378815
v -18.368845 1.112997 0.378815
v -18.949543 1.112997 -0.666140
v -18.368845 1.112997 -0.666140
v -18.587502 1.175531 -0.923795
v -18.391443 5.953612 0.141149
v -18.592421 1.175531 0.487628
v -18.391443 5.953612 -0.577518
v -18.302685 5.953612 0.151418
v -18.274412 5.953612 -0.471577
v -19.296749 1.175531 -1.143662
v -19.296749 1.175531 0.756407
v -18.597858 1.175531 -1.246202
v -18.597858 1.175531 0.809833
v -18.895803 5.494662 0.151952
v -18.895803 5.494662 -0.539208
v -18.411270 5.494662 -0.641747
v -18.411270 5.494662 0.205378
v -17.125820 5.953612 -0.474978
v -16.874531 1.175531 -0.854790
v -17.125820 5.953612 0.087723
v -16.874531 1.175531 0.451951
v -17.616308 1.175531 -0.683481
v -17.616308 1.175531 0.396156
v -17.023342 1.175531 -0.683481
v -17.023342 1.175531 0.396156
v -17.133747 0.049922 -0.371331
v -17.133747 0.049922 0.084006
v -17.505903 0.049922 -0.371331
v -17.505903 0.049922 0.084006
v -17.989510 1.175531 -1.335458
v -17.989510 5.953612 0.187654
v -17.989510 1.175531 0.856338
v -17.989510 5.953612 -0.666774
v -17.029476 1.112997 0.378815
v -17.610174 1.112997 0.378815
v -17.029476 1.112997 -0.666140
v -17.610174 1.112997 -0.666140
v -17.391518 1.175531 -0.923795
v -17.587576 5.953612 0.141149
v -17.386599 1.175531 0.487628
v -17.587576 5.953612 -0.577518
v -17.989510 4.810162 0.347677
v -17.989510 5.002317 0.320786
v -17.676334 5.953612 0.151418
v -17.989510 5.953612 -0.584388
v -17.704607 5.953612 -0.471577
v -16.682270 1.175531 -1.143662
v -16.682270 1.175531 0.756407
v -17.381161 1.175531 -1.246202
v -17.381161 1.175531 0.809833
v -17.989510 1.175531 0.517588
v -17.989510 1.175531 -0.980765
v -17.083216 5.494662 0.151952
v -17.083216 5.494662 -0.539208
v -17.989510 5.494662 -0.731003
v -17.989510 4.461044 0.396536
v -17.567749 5.494662 -0.641747
v -17.567749 5.494662 0.205378
v -18.845272 0.049922 -0.371331
v -18.845272 0.049922 0.084006
v -18.473116 0.049922 -0.371331
v -18.473116 0.049922 0.084006
v -17.133747 0.049922 -0.371331
v -17.133747 0.049922 0.084006
v -17.505903 0.049922 -0.371331
v -17.505903 0.049922 0.084006
vn -0.0000 1.0000 -0.0000
vn -0.1110 0.1451 0.9832
vn -0.9957 0.0924 -0.0000
vn -0.0000 -0.2672 0.9636
vn -0.9952 -0.0976 -0.0000
vn 0.9952 -0.0976 -0.0000
vn -0.0000 -0.2672 -0.9636
vn -0.2097 0.1400 -0.9677
vn -0.0000 -1.0000 -0.0000
vn -0.2094 0.1495 -0.9663
vn -0.1044 0.1404 0.9846
vn -0.1138 0.1377 0.9839
vn -0.0869 0.1402 0.9863
vn -0.1689 0.1479 -0.9745
vn -0.1691 0.1402 -0.9756
vn -0.0890 0.1440 0.9856
vn 0.1110 0.1451 0.9832
vn 0.9957 0.0924 -0.0000
vn 0.2097 0.1400 -0.9677
vn 0.2094 0.1495 -0.9663
vn 0.1044 0.1404 0.9846
vn 0.1138 0.1377 0.9839
vn 0.0869 0.1402 0.9863
vn 0.1689 0.1479 -0.9745
vn 0.1691 0.1402 -0.9756
vn 0.0890 0.1440 0.9856
vt 0.808171 0.500000
vt 0.875000 0.500000
vt 0.875000 0.750000
vt 0.808171 0.750000
vt 0.600987 0.933171
vt 0.625000 0.933171
vt 0.625000 1.000000
vt 0.600987 1.000000
vt 0.600987 0.000000
vt 0.625000 0.000000
vt 0.625000 0.250000
vt 0.600987 0.250000
vt 0.375000 0.750000
vt 0.125000 0.750000
vt 0.125000 0.750000
vt 0.125000 0.500000
vt 0.375000 0.500000
vt 0.600987 0.316829
vt 0.625000 0.316829
vt 0.625000 0.375000
vt 0.600987 0.375000
vt 0.192819 0.508726
vt 0.243178 0.508354
vt 0.243178 0.741698
vt 0.192349 0.741324
vt 0.131822 0.509249
vt 0.131822 0.740804
vt 0.546905 0.875000
vt 0.565172 0.875000
vt 0.750000 0.500000
vt 0.791233 0.542762
vt 0.750000 0.524106
vt 0.575226 0.875000
vt 0.625000 0.920325
vt 0.625000 0.875000
vt 0.795325 0.750000
vt 0.750000 0.750000
vt 0.191829 0.500000
vt 0.250000 0.750000
vt 0.191829 0.750000
vt 0.250000 0.500000
vt 0.375000 0.875000
vt 0.375000 0.933171
vt 0.375000 0.250000
vt 0.375000 0.316829
vt 0.375000 0.375000
vt 0.375000 0.000000
vt 0.375000 1.000000
s 0
usemtl vertex_colors
f 928/580/531 909/581/531 911/582/531 926/583/531
f 938/584/532 926/585/532 911/586/532 935/587/532
f 935/588/533 911/589/533 909/590/533 936/591/533
f 922/592/534 921/593/534 918/594/534 920/592/534
f 921/593/535 923/595/535 917/595/535 918/594/535
f 924/596/536 922/592/536 920/592/536 919/596/536
f 923/595/537 924/596/537 919/596/537 917/595/537
f 937/597/538 928/598/538 954/599/538 976/600/538
f 925/601/539 973/602/539 972/603/539 927/604/539
f 915/595/537 913/596/537 924/596/537 923/595/537
f 913/596/536 914/592/536 922/592/536 924/596/536
f 916/594/535 915/595/535 923/595/535 921/593/535
f 914/592/534 916/594/534 921/593/534 922/592/534
f 910/605/539 925/601/539 927/604/539 912/606/539
f 936/591/540 909/590/540 928/598/540 937/597/540
f 977/607/541 963/608/541 926/585/541 938/584/541
f 954/609/531 928/580/531 930/610/531 966/611/531
f 926/585/542 963/608/542 964/612/542 929/613/542
f 929/613/542 964/612/542 952/614/542
f 966/611/531 930/610/531 929/615/531 952/616/531
f 930/610/531 928/580/531 926/583/531 929/615/531
f 910/605/539 912/606/539 932/594/539 931/595/539
f 925/601/539 910/605/539 931/595/539 933/617/539
f 927/604/539 972/603/539 953/618/539 934/619/539
f 973/602/539 925/601/539 933/617/539 951/620/539
f 912/606/539 927/604/539 934/619/539 932/594/539
f 953/621/543 977/607/543 938/584/543 934/622/543
f 931/623/544 936/591/544 937/597/544 933/624/544
f 933/624/545 937/597/545 976/600/545 951/625/545
f 932/626/533 935/588/533 936/591/533 931/623/533
f 934/622/546 938/584/546 935/587/546 932/627/546
f 962/580/531 960/583/531 941/582/531 939/581/531
f 979/584/547 974/587/547 941/586/547 960/585/547
f 974/588/548 975/591/548 939/590/548 941/589/548
f 956/592/534 950/592/534 948/594/534 955/593/534
f 955/593/536 948/594/536 947/595/536 957/595/536
f 958/596/535 949/596/535 950/592/535 956/592/535
f 957/595/537 947/595/537 949/596/537 958/596/537
f 978/597/549 976/600/549 954/599/549 962/598/549
f 959/601/539 961/604/539 972/603/539 973/602/539
f 945/595/537 957/595/537 958/596/537 943/596/537
f 943/596/535 958/596/535 956/592/535 944/592/535
f 946/594/536 955/593/536 957/595/536 945/595/536
f 944/592/534 956/592/534 955/593/534 946/594/534
f 940/605/539 942/606/539 961/604/539 959/601/539
f 975/591/550 978/597/550 962/598/550 939/590/550
f 977/607/551 979/584/551 960/585/551 963/608/551
f 954/609/531 966/611/531 967/610/531 962/580/531
f 960/585/552 965/613/552 964/612/552 963/608/552
f 965/613/552 952/614/552 964/612/552
f 966/611/531 952/616/531 965/615/531 967/610/531
f 967/610/531 965/615/531 960/583/531 962/580/531
f 940/605/539 968/595/539 969/594/539 942/606/539
f 959/601/539 970/617/539 968/595/539 940/605/539
f 961/604/539 971/619/539 953/618/539 972/603/539
f 973/602/539 951/620/539 970/617/539 959/601/539
f 942/606/539 969/594/539 971/619/539 961/604/539
f 953/621/553 971/622/553 979/584/553 977/607/553
f 968/623/554 970/624/554 978/597/554 975/591/554
f 970/624/555 951/625/555 976/600/555 978/597/555
f 969/626/548 968/623/548 975/591/548 974/588/548
f 971/622/556 969/627/556 974/587/556 979/584/556
f 980/595/539 982/596/539 983/592/539 981/594/539
f 984/595/539 985/594/539 987/592/539 986/596/539
o kid_body_M.017
v -24.310833 4.956545 -0.474980
v -24.562120 1.175531 -0.854792
v -24.310833 4.956545 0.087721
v -24.562120 1.175531 0.451949
v -23.820343 1.175531 -0.683483
v -23.820343 1.175531 0.396155
v -24.413311 1.175531 -0.683483
v -24.413311 1.175531 0.396155
v -24.302906 0.049922 -0.371332
v -24.302906 0.049922 0.084004
v -23.930748 0.049922 -0.371332
v -23.930748 0.049922 0.084004
v -24.407177 1.112997 0.378813
v -23.826477 1.112997 0.378813
v -24.407177 1.112997 -0.666142
v -23.826477 1.112997 -0.666142
v -24.045134 1.175531 -0.923797
v -23.849077 4.956545 0.141147
v -24.050053 1.175531 0.487626
v -23.849077 4.956545 -0.577520
v -23.760317 4.956545 0.151417
v -23.732044 4.956545 -0.471579
v -24.754381 1.175531 -1.143664
v -24.754381 1.175531 0.756405
v -24.055490 1.175531 -1.246204
v -24.055490 1.175531 0.809831
v -24.353437 4.497595 0.151950
v -24.353437 4.497595 -0.539209
v -23.868904 4.497595 -0.641749
v -23.868904 4.497595 0.205376
v -22.772371 4.956545 -0.474980
v -22.521082 1.175531 -0.854792
v -22.772371 4.956545 0.087721
v -22.521082 1.175531 0.451949
v -23.262859 1.175531 -0.683483
v -23.262859 1.175531 0.396155
v -22.669893 1.175531 -0.683483
v -22.669893 1.175531 0.396155
v -22.780298 0.049922 -0.371332
v -22.780298 0.049922 0.084004
v -23.152454 0.049922 -0.371332
v -23.152454 0.049922 0.084004
v -23.541601 1.175531 -1.335459
v -23.541601 4.956545 0.187652
v -23.541601 1.175531 0.856336
v -23.541601 4.956545 -0.666776
v -22.676027 1.112997 0.378813
v -23.256725 1.112997 0.378813
v -22.676027 1.112997 -0.666142
v -23.256725 1.112997 -0.666142
v -23.038069 1.175531 -0.923797
v -23.234127 4.956545 0.141147
v -23.033150 1.175531 0.487626
v -23.234127 4.956545 -0.577520
v -23.541601 3.813094 0.347676
v -23.541601 4.005250 0.320784
v -23.322886 4.956545 0.151417
v -23.541601 4.956545 -0.584390
v -23.351158 4.956545 -0.471579
v -22.328821 1.175531 -1.143664
v -22.328821 1.175531 0.756405
v -23.027712 1.175531 -1.246204
v -23.027712 1.175531 0.809831
v -23.541601 1.175531 0.517586
v -23.541601 1.175531 -0.980767
v -22.729767 4.497595 0.151950
v -22.729767 4.497595 -0.539209
v -23.541601 4.497595 -0.731005
v -23.541601 3.463977 0.396534
v -23.214300 4.497595 -0.641749
v -23.214300 4.497595 0.205376
vn -0.0000 1.0000 -0.0000
vn -0.1110 0.1451 0.9832
vn -0.9957 0.0924 -0.0000
vn -0.0000 -1.0000 -0.0000
vn -0.0000 -0.2672 0.9636
vn -0.9952 -0.0976 -0.0000
vn 0.9952 -0.0976 -0.0000
vn -0.0000 -0.2672 -0.9636
vn -0.2681 0.1392 -0.9533
vn -0.2094 0.1495 -0.9663
vn -0.1326 0.1406 0.9812
vn -0.1279 0.1440 0.9813
vn -0.1619 0.1368 0.9773
vn -0.0466 0.1877 0.9811
vn -0.1676 0.1908 -0.9672
vn -0.2042 0.1808 -0.9621
vn -0.9928 0.1198 -0.0000
vn -0.0884 0.1859 0.9786
vn 0.1110 0.1451 0.9832
vn 0.9957 0.0924 -0.0000
vn 0.2681 0.1392 -0.9533
vn 0.2094 0.1495 -0.9663
vn 0.1326 0.1406 0.9812
vn 0.1279 0.1440 0.9813
vn 0.1619 0.1368 0.9773
vn 0.0466 0.1877 0.9811
vn 0.1676 0.1908 -0.9672
vn 0.2042 0.1808 -0.9621
vn 0.9928 0.1198 -0.0000
vn 0.0884 0.1859 0.9786
vt 0.808171 0.500000
vt 0.875000 0.500000
vt 0.875000 0.750000
vt 0.808171 0.750000
vt 0.600987 0.933171
vt 0.625000 0.933171
vt 0.625000 1.000000
vt 0.600987 1.000000
vt 0.600987 0.000000
vt 0.625000 0.000000
vt 0.625000 0.250000
vt 0.600987 0.250000
vt 0.125000 0.500000
vt 0.375000 0.500000
vt 0.375000 0.750000
vt 0.125000 0.750000
vt 0.125000 0.750000
vt 0.600987 0.316829
vt 0.625000 0.316829
vt 0.625000 0.375000
vt 0.600987 0.375000
vt 0.192819 0.508726
vt 0.243178 0.508354
vt 0.243178 0.741698
vt 0.192349 0.741324
vt 0.131822 0.509249
vt 0.131822 0.740804
vt 0.546905 0.875000
vt 0.565172 0.875000
vt 0.750000 0.500000
vt 0.791233 0.542762
vt 0.750000 0.524106
vt 0.575226 0.875000
vt 0.625000 0.920325
vt 0.625000 0.875000
vt 0.795325 0.750000
vt 0.750000 0.750000
vt 0.191829 0.500000
vt 0.250000 0.750000
vt 0.191829 0.750000
vt 0.250000 0.500000
vt 0.375000 0.875000
vt 0.375000 0.933171
vt 0.375000 0.250000
vt 0.375000 0.316829
vt 0.375000 0.375000
vt 0.375000 0.000000
vt 0.375000 1.000000
s 0
usemtl vertex_colors
f 1007/628/557 988/629/557 990/630/557 1005/631/557
f 1017/632/558 1005/633/558 990/634/558 1014/635/558
f 1014/636/559 990/637/559 988/638/559 1015/639/559
f 996/640/560 998/641/560 999/642/560 997/643/560
f 1001/642/561 1000/644/561 997/643/561 999/642/561
f 1000/644/562 1002/640/562 996/640/562 997/643/562
f 1003/641/563 1001/642/563 999/642/563 998/641/563
f 1002/640/564 1003/641/564 998/641/564 996/640/564
f 1016/645/565 1007/646/565 1033/647/565 1055/648/565
f 1004/649/560 1052/650/560 1051/651/560 1006/652/560
f 994/640/564 992/641/564 1003/641/564 1002/640/564
f 992/641/563 993/642/563 1001/642/563 1003/641/563
f 995/643/562 994/640/562 1002/640/562 1000/644/562
f 993/642/561 995/643/561 1000/644/561 1001/642/561
f 989/653/560 1004/649/560 1006/652/560 991/654/560
f 1015/639/566 988/638/566 1007/646/566 1016/645/566
f 1056/655/567 1042/656/567 1005/633/567 1017/632/567
f 1033/657/557 1007/628/557 1009/658/557 1045/659/557
f 1005/633/568 1042/656/568 1043/660/568 1008/661/568
f 1008/661/569 1043/660/569 1031/662/569
f 1045/659/557 1009/658/557 1008/663/557 1031/664/557
f 1009/658/557 1007/628/557 1005/631/557 1008/663/557
f 989/653/560 991/654/560 1011/643/560 1010/640/560
f 1004/649/560 989/653/560 1010/640/560 1012/665/560
f 1006/652/560 1051/651/560 1032/666/560 1013/667/560
f 1052/650/560 1004/649/560 1012/665/560 1030/668/560
f 991/654/560 1006/652/560 1013/667/560 1011/643/560
f 1032/669/570 1056/655/570 1017/632/570 1013/670/570
f 1010/671/571 1015/639/571 1016/645/571 1012/672/571
f 1012/672/572 1016/645/572 1055/648/572 1030/673/572
f 1011/674/573 1014/636/573 1015/639/573 1010/671/573
f 1013/670/574 1017/632/574 1014/635/574 1011/675/574
f 1041/628/557 1039/631/557 1020/630/557 1018/629/557
f 1058/632/575 1053/635/575 1020/634/575 1039/633/575
f 1053/636/576 1054/639/576 1018/638/576 1020/637/576
f 1026/640/560 1027/643/560 1029/642/560 1028/641/560
f 1035/642/561 1029/642/561 1027/643/561 1034/644/561
f 1034/644/563 1027/643/563 1026/640/563 1036/640/563
f 1037/641/562 1028/641/562 1029/642/562 1035/642/562
f 1036/640/564 1026/640/564 1028/641/564 1037/641/564
f 1057/645/577 1055/648/577 1033/647/577 1041/646/577
f 1038/649/560 1040/652/560 1051/651/560 1052/650/560
f 1024/640/564 1036/640/564 1037/641/564 1022/641/564
f 1022/641/562 1037/641/562 1035/642/562 1023/642/562
f 1025/643/563 1034/644/563 1036/640/563 1024/640/563
f 1023/642/561 1035/642/561 1034/644/561 1025/643/561
f 1019/653/560 1021/654/560 1040/652/560 1038/649/560
f 1054/639/578 1057/645/578 1041/646/578 1018/638/578
f 1056/655/579 1058/632/579 1039/633/579 1042/656/579
f 1033/657/557 1045/659/557 1046/658/557 1041/628/557
f 1039/633/580 1044/661/580 1043/660/580 1042/656/580
f 1044/661/581 1031/662/581 1043/660/581
f 1045/659/557 1031/664/557 1044/663/557 1046/658/557
f 1046/658/557 1044/663/557 1039/631/557 1041/628/557
f 1019/653/560 1047/640/560 1048/643/560 1021/654/560
f 1038/649/560 1049/665/560 1047/640/560 1019/653/560
f 1040/652/560 1050/667/560 1032/666/560 1051/651/560
f 1052/650/560 1030/668/560 1049/665/560 1038/649/560
f 1021/654/560 1048/643/560 1050/667/560 1040/652/560
f 1032/669/582 1050/670/582 1058/632/582 1056/655/582
f 1047/671/583 1049/672/583 1057/645/583 1054/639/583
f 1049/672/584 1030/673/584 1055/648/584 1057/645/584
f 1048/674/585 1047/671/585 1054/639/585 1053/636/585
f 1050/670/586 1048/675/586 1053/635/586 1058/632/586
o kid_body_F_L
v -0.882932 6.619479 -0.331316
v -1.134220 1.361756 -0.711127
v -0.882932 6.619479 0.231385
v -1.134220 1.361756 0.595614
v -0.617234 1.361756 -0.780132
v -0.421176 6.619479 0.284811
v -0.622152 1.361756 0.631290
v -0.421176 6.619479 -0.433856
v -0.332417 6.619479 0.295081
v -0.304144 6.619479 -0.327914
v -1.326482 1.361756 -1.000000
v -1.326482 1.361756 0.900069
v -0.627590 1.361756 -1.102540
v -0.627590 1.361756 0.953495
v -0.925537 6.160530 0.295614
v -0.925537 6.160530 -0.395545
v -0.441003 6.160530 -0.498085
v -0.441003 6.160530 0.349040
v 0.882931 6.619479 -0.331316
v 1.134220 1.361756 -0.711127
v 0.882931 6.619479 0.231385
v 1.134220 1.361756 0.595614
v -0.000000 1.361756 -1.191795
v -0.000000 6.619479 0.331316
v -0.000000 1.361756 1.000000
v -0.000000 6.619479 -0.523111
v 0.617233 1.361756 -0.780132
v 0.421176 6.619479 0.284811
v 0.622151 1.361756 0.631290
v 0.421176 6.619479 -0.433856
v -0.000000 5.476029 0.491340
v -0.000000 5.668184 0.464448
v 0.332416 6.619479 0.295081
v -0.000000 6.619479 -0.440725
v 0.304143 6.619479 -0.327914
v 1.326481 1.361756 -1.000000
v 1.326481 1.361756 0.900069
v 0.627589 1.361756 -1.102540
v 0.627589 1.361756 0.953495
v -0.000000 1.361756 0.661251
v -0.000000 1.361756 -0.837103
v 0.925536 6.160530 0.295614
v 0.925536 6.160530 -0.395545
v -0.000000 6.160530 -0.587340
v -0.000000 5.126911 0.540198
v 0.441002 6.160530 -0.498085
v 0.441002 6.160530 0.349040
vn -0.0000 1.0000 -0.0000
vn -0.1110 0.1451 0.9832
vn -0.9957 0.0924 -0.0000
vn -0.2007 0.1400 -0.9696
vn -0.0000 -1.0000 -0.0000
vn -0.2094 0.1495 -0.9663
vn -0.1001 0.1403 0.9850
vn -0.1113 0.1366 0.9844
vn -0.1073 0.1378 0.9846
vn -0.0988 0.1248 0.9872
vn -0.1692 0.1334 -0.9765
vn -0.1634 0.1264 -0.9784
vn -0.9965 0.0833 -0.0000
vn -0.0892 0.1298 0.9875
vn 0.1110 0.1451 0.9832
vn 0.9957 0.0924 -0.0000
vn 0.2007 0.1400 -0.9696
vn 0.2094 0.1495 -0.9663
vn 0.1001 0.1403 0.9850
vn 0.1113 0.1366 0.9844
vn 0.1073 0.1378 0.9846
vn 0.0988 0.1248 0.9872
vn 0.1692 0.1334 -0.9765
vn 0.1634 0.1264 -0.9784
vn 0.9965 0.0833 -0.0000
vn 0.0892 0.1298 0.9875
vt 0.808171 0.500000
vt 0.875000 0.500000
vt 0.875000 0.750000
vt 0.808171 0.750000
vt 0.600987 0.933171
vt 0.625000 0.933171
vt 0.625000 1.000000
vt 0.600987 1.000000
vt 0.600987 0.000000
vt 0.625000 0.000000
vt 0.625000 0.250000
vt 0.600987 0.250000
vt 0.600987 0.316829
vt 0.625000 0.316829
vt 0.625000 0.375000
vt 0.600987 0.375000
vt 0.192819 0.508726
vt 0.243178 0.508354
vt 0.243178 0.741698
vt 0.192349 0.741324
vt 0.131822 0.509249
vt 0.131822 0.740804
vt 0.546905 0.875000
vt 0.565172 0.875000
vt 0.750000 0.500000
vt 0.791233 0.542762
vt 0.750000 0.524106
vt 0.575226 0.875000
vt 0.625000 0.920325
vt 0.625000 0.875000
vt 0.795325 0.750000
vt 0.750000 0.750000
vt 0.125000 0.750000
vt 0.125000 0.500000
vt 0.191829 0.500000
vt 0.250000 0.750000
vt 0.191829 0.750000
vt 0.250000 0.500000
vt 0.375000 0.875000
vt 0.375000 0.933171
vt 0.375000 0.250000
vt 0.375000 0.316829
vt 0.375000 0.375000
vt 0.375000 0.000000
vt 0.375000 1.000000
s 0
usemtl vertex_colors
f 1066/676/587 1059/677/587 1061/678/587 1064/679/587
f 1076/680/588 1064/681/588 1061/682/588 1073/683/588
f 1073/684/589 1061/685/589 1059/686/589 1074/687/589
f 1075/688/590 1066/689/590 1084/690/590 1102/691/590
f 1063/692/591 1099/693/591 1098/694/591 1065/695/591
f 1060/696/591 1063/692/591 1065/695/591 1062/697/591
f 1074/687/592 1059/686/592 1066/689/592 1075/688/592
f 1103/698/593 1089/699/593 1064/681/593 1076/680/593
f 1084/700/587 1066/676/587 1068/701/587 1092/702/587
f 1064/681/594 1089/699/594 1090/703/594 1067/704/594
f 1067/704/595 1090/703/595 1082/705/595
f 1092/702/587 1068/701/587 1067/706/587 1082/707/587
f 1068/701/587 1066/676/587 1064/679/587 1067/706/587
f 1060/696/591 1062/697/591 1070/708/591 1069/709/591
f 1063/692/591 1060/696/591 1069/709/591 1071/710/591
f 1065/695/591 1098/694/591 1083/711/591 1072/712/591
f 1099/693/591 1063/692/591 1071/710/591 1081/713/591
f 1062/697/591 1065/695/591 1072/712/591 1070/708/591
f 1083/714/596 1103/698/596 1076/680/596 1072/715/596
f 1069/716/597 1074/687/597 1075/688/597 1071/717/597
f 1071/717/598 1075/688/598 1102/691/598 1081/718/598
f 1070/719/599 1073/684/599 1074/687/599 1069/716/599
f 1072/715/600 1076/680/600 1073/683/600 1070/720/600
f 1088/676/587 1086/679/587 1079/678/587 1077/677/587
f 1105/680/601 1100/683/601 1079/682/601 1086/681/601
f 1100/684/602 1101/687/602 1077/686/602 1079/685/602
f 1104/688/603 1102/691/603 1084/690/603 1088/689/603
f 1085/692/591 1087/695/591 1098/694/591 1099/693/591
f 1078/696/591 1080/697/591 1087/695/591 1085/692/591
f 1101/687/604 1104/688/604 1088/689/604 1077/686/604
f 1103/698/605 1105/680/605 1086/681/605 1089/699/605
f 1084/700/587 1092/702/587 1093/701/587 1088/676/587
f 1086/681/606 1091/704/606 1090/703/606 1089/699/606
f 1091/704/607 1082/705/607 1090/703/607
f 1092/702/587 1082/707/587 1091/706/587 1093/701/587
f 1093/701/587 1091/706/587 1086/679/587 1088/676/587
f 1078/696/591 1094/709/591 1095/708/591 1080/697/591
f 1085/692/591 1096/710/591 1094/709/591 1078/696/591
f 1087/695/591 1097/712/591 1083/711/591 1098/694/591
f 1099/693/591 1081/713/591 1096/710/591 1085/692/591
f 1080/697/591 1095/708/591 1097/712/591 1087/695/591
f 1083/714/608 1097/715/608 1105/680/608 1103/698/608
f 1094/716/609 1096/717/609 1104/688/609 1101/687/609
f 1096/717/610 1081/718/610 1102/691/610 1104/688/610
f 1095/719/611 1094/716/611 1101/687/611 1100/684/611
f 1097/715/612 1095/720/612 1100/683/612 1105/680/612
o kid_body_M.019
v -19.530531 3.824056 0.183673
v -19.530531 3.824056 -0.470998
v -19.223310 5.727364 -0.370576
v -19.223310 5.727364 0.083251
v -19.158485 3.635415 0.183673
v -18.814037 5.914599 0.083251
v -19.158485 3.635415 -0.470998
v -18.814037 5.914599 -0.370576
v -19.556667 4.478221 0.236557
v -19.556667 4.478221 -0.523882
v -18.959650 4.477519 -0.523882
v -18.959650 4.477519 0.236557
v -19.469585 4.395112 -0.431278
v -19.082815 4.355143 -0.431278
v -19.469585 4.395112 0.143953
v -19.082815 4.355143 0.143953
v -19.483105 4.408014 0.158330
v -19.063694 4.374142 0.158330
v -19.483105 4.408014 -0.445655
v -19.063694 4.374142 -0.445655
v -18.886845 5.196059 -0.447229
v -19.389990 5.102792 -0.447229
v -18.886845 5.196059 0.159904
v -19.389990 5.102792 0.159904
vn -0.0368 0.1198 -0.9921
vn 0.0179 0.0595 -0.9981
vn -0.4522 -0.8919 -0.0000
vn -0.4160 0.9094 -0.0000
vn 0.9949 -0.1008 -0.0000
vn -0.0368 0.1198 0.9921
vn -0.6904 -0.7234 -0.0000
vn -0.0227 -0.6671 0.7446
vn -0.9662 0.2578 -0.0000
vn 0.7048 -0.7094 -0.0000
vn 0.9945 -0.1046 -0.0000
vn 0.0179 0.0595 0.9981
vn -0.9944 0.1061 -0.0000
vn -0.0607 -0.6624 -0.7467
vn -0.0227 -0.6671 -0.7446
vn -0.0607 -0.6624 0.7467
vn -0.0097 0.1151 0.9933
vn -0.0097 0.1151 -0.9933
vt 0.625000 0.250000
vt 0.562500 0.250000
vt 0.473884 0.250000
vt 0.375000 0.250000
vt 0.375000 0.000000
vt 0.625000 0.000000
vt 0.562500 0.000000
vt 0.477938 0.000000
vt 0.500000 0.000000
vt 0.500000 0.250000
vt 0.477938 0.250000
vt 0.477938 0.000000
vt 0.500000 0.000000
vt 0.473883 0.000000
vt 0.473884 0.000000
s 0
usemtl vertex_colors
f 1113/721/613 1126/722/613 1127/722/613 1108/721/613
f 1119/723/614 1112/724/614 1107/724/614 1118/723/614
f 1112/724/615 1110/725/615 1106/725/615 1107/724/615
f 1111/726/616 1113/721/616 1108/721/616 1109/726/616
f 1128/727/617 1126/722/617 1113/721/617 1111/726/617
f 1128/727/618 1111/726/618 1109/726/618 1129/727/618
f 1122/728/619 1114/729/619 1115/730/619 1124/731/619
f 1123/732/620 1117/733/620 1114/729/620 1122/728/620
f 1129/727/621 1109/726/621 1108/721/621 1127/722/621
f 1123/732/622 1125/731/622 1116/730/622 1117/733/622
f 1110/725/623 1112/724/623 1119/723/623 1121/734/623
f 1110/725/624 1121/734/624 1120/735/624 1106/725/624
f 1106/725/625 1120/735/625 1118/723/625 1107/724/625
f 1125/731/626 1119/723/626 1118/723/626 1124/731/626
f 1116/730/627 1125/731/627 1124/731/627 1115/730/627
f 1121/734/622 1119/723/622 1125/731/622 1123/732/622
f 1121/734/628 1123/732/628 1122/728/628 1120/735/628
f 1120/735/619 1122/728/619 1124/731/619 1118/723/619
f 1117/733/617 1116/730/617 1126/722/617 1128/727/617
f 1117/733/629 1128/727/629 1129/727/629 1114/729/629
f 1114/729/621 1129/727/621 1127/722/621 1115/730/621
f 1126/722/630 1116/730/630 1115/730/630 1127/722/630
o kid_body_M.020
v -16.448490 3.824056 0.183673
v -16.448490 3.824056 -0.470998
v -16.755711 5.727364 -0.370576
v -16.755711 5.727364 0.083251
v -16.820536 3.635415 0.183673
v -17.164984 5.914599 0.083251
v -16.820536 3.635415 -0.470998
v -17.164984 5.914599 -0.370576
v -16.422354 4.478221 0.236557
v -16.422354 4.478221 -0.523882
v -17.019371 4.477519 -0.523882
v -17.019371 4.477519 0.236557
v -16.509436 4.395112 -0.431278
v -16.896206 4.355143 -0.431278
v -16.509436 4.395112 0.143953
v -16.896206 4.355143 0.143953
v -16.495916 4.408014 0.158330
v -16.915327 4.374142 0.158330
v -16.495916 4.408014 -0.445655
v -16.915327 4.374142 -0.445655
v -16.589031 5.102792 0.159904
v -17.092176 5.196059 0.159904
v -16.589031 5.102792 -0.447229
v -17.092176 5.196059 -0.447229
vn -0.0179 0.0595 -0.9981
vn 0.4522 -0.8919 -0.0000
vn 0.4160 0.9094 -0.0000
vn -0.9949 -0.1008 -0.0000
vn 0.0368 0.1198 0.9921
vn 0.6904 -0.7234 -0.0000
vn 0.0227 -0.6671 0.7446
vn 0.9662 0.2578 -0.0000
vn -0.7048 -0.7094 -0.0000
vn -0.9945 -0.1046 -0.0000
vn -0.0179 0.0595 0.9981
vn 0.9944 0.1061 -0.0000
vn 0.0607 -0.6624 -0.7467
vn 0.0227 -0.6671 -0.7446
vn 0.0607 -0.6624 0.7467
vn 0.0097 0.1151 -0.9933
vn 0.0368 0.1198 -0.9921
vn 0.0097 0.1151 0.9933
vt 0.473884 0.250000
vt 0.375000 0.250000
vt 0.375000 0.000000
vt 0.625000 0.000000
vt 0.625000 0.250000
vt 0.562500 0.000000
vt 0.562500 0.250000
vt 0.477938 0.000000
vt 0.477938 0.250000
vt 0.500000 0.250000
vt 0.500000 0.000000
vt 0.477938 0.000000
vt 0.500000 0.000000
vt 0.562500 0.250000
vt 0.473883 0.000000
vt 0.473884 0.000000
s 0
usemtl vertex_colors
f 1143/736/631 1142/736/631 1131/737/631 1136/737/631
f 1136/737/632 1131/737/632 1130/738/632 1134/738/632
f 1135/739/633 1133/739/633 1132/740/633 1137/740/633
f 1151/741/634 1135/739/634 1137/740/634 1153/742/634
f 1151/741/635 1150/741/635 1133/739/635 1135/739/635
f 1146/743/636 1148/744/636 1139/745/636 1138/746/636
f 1147/747/637 1146/743/637 1138/746/637 1141/748/637
f 1150/741/638 1152/749/638 1132/740/638 1133/739/638
f 1147/747/639 1141/748/639 1140/745/639 1149/744/639
f 1134/738/640 1145/750/640 1143/736/640 1136/737/640
f 1134/738/641 1130/738/641 1144/751/641 1145/750/641
f 1130/738/642 1131/737/642 1142/736/642 1144/751/642
f 1149/744/643 1148/744/643 1142/736/643 1143/736/643
f 1140/745/644 1139/745/644 1148/744/644 1149/744/644
f 1145/750/639 1147/747/639 1149/744/639 1143/736/639
f 1145/750/645 1144/751/645 1146/743/645 1147/747/645
f 1144/751/636 1142/736/636 1148/744/636 1146/743/636
f 1153/742/646 1152/749/646 1139/745/646 1140/745/646
f 1137/740/647 1132/740/647 1152/749/647 1153/742/647
f 1138/746/638 1139/745/638 1152/749/638 1150/741/638
f 1141/748/648 1138/746/648 1150/741/648 1151/741/648
f 1141/748/634 1151/741/634 1153/742/634 1140/745/634
o kid_body_M.021
v -24.988163 2.826988 0.183673
v -24.988163 2.826988 -0.470998
v -24.680943 4.730296 -0.370576
v -24.680943 4.730296 0.083251
v -24.616117 2.638348 0.183673
v -24.271671 4.917531 0.083251
v -24.616117 2.638348 -0.470998
v -24.271671 4.917531 -0.370576
v -25.014301 3.481154 0.236557
v -25.014301 3.481154 -0.523882
v -24.417282 3.480451 -0.523882
v -24.417282 3.480451 0.236557
v -24.927217 3.398044 -0.431278
v -24.540447 3.358075 -0.431278
v -24.927217 3.398044 0.143953
v -24.540447 3.358075 0.143953
v -24.940739 3.410947 0.158330
v -24.521326 3.377074 0.158330
v -24.940739 3.410947 -0.445655
v -24.521326 3.377074 -0.445655
v -24.344477 4.198991 -0.447229
v -24.847622 4.105725 -0.447229
v -24.344477 4.198991 0.159904
v -24.847622 4.105725 0.159904
vn 0.0179 0.0595 -0.9981
vn -0.4522 -0.8919 -0.0000
vn -0.4160 0.9094 -0.0000
vn 0.9949 -0.1008 -0.0000
vn -0.0368 0.1198 0.9921
vn -0.6904 -0.7234 -0.0000
vn -0.0227 -0.6671 0.7446
vn -0.9662 0.2578 -0.0000
vn 0.7048 -0.7094 -0.0000
vn 0.9945 -0.1046 -0.0000
vn 0.0179 0.0595 0.9981
vn -0.9944 0.1061 -0.0000
vn -0.0607 -0.6624 -0.7467
vn -0.0227 -0.6671 -0.7446
vn -0.0607 -0.6624 0.7467
vn -0.0368 0.1198 -0.9921
vn -0.0097 0.1151 0.9933
vn -0.0097 0.1151 -0.9933
vt 0.473884 0.250000
vt 0.375000 0.250000
vt 0.375000 0.000000
vt 0.625000 0.000000
vt 0.625000 0.250000
vt 0.562500 0.000000
vt 0.562500 0.250000
vt 0.477938 0.000000
vt 0.500000 0.000000
vt 0.500000 0.250000
vt 0.477938 0.250000
vt 0.477938 0.000000
vt 0.500000 0.000000
vt 0.562500 0.250000
vt 0.473883 0.000000
vt 0.473884 0.000000
s 0
usemtl vertex_colors
f 1167/752/649 1160/753/649 1155/753/649 1166/752/649
f 1160/753/650 1158/754/650 1154/754/650 1155/753/650
f 1159/755/651 1161/756/651 1156/756/651 1157/755/651
f 1176/757/652 1174/758/652 1161/756/652 1159/755/652
f 1176/757/653 1159/755/653 1157/755/653 1177/757/653
f 1170/759/654 1162/760/654 1163/761/654 1172/762/654
f 1171/763/655 1165/764/655 1162/760/655 1170/759/655
f 1177/757/656 1157/755/656 1156/756/656 1175/765/656
f 1171/763/657 1173/762/657 1164/761/657 1165/764/657
f 1158/754/658 1160/753/658 1167/752/658 1169/766/658
f 1158/754/659 1169/766/659 1168/767/659 1154/754/659
f 1154/754/660 1168/767/660 1166/752/660 1155/753/660
f 1173/762/661 1167/752/661 1166/752/661 1172/762/661
f 1164/761/662 1173/762/662 1172/762/662 1163/761/662
f 1169/766/657 1167/752/657 1173/762/657 1171/763/657
f 1169/766/663 1171/763/663 1170/759/663 1168/767/663
f 1168/767/654 1170/759/654 1172/762/654 1166/752/654
f 1161/756/664 1174/758/664 1175/765/664 1156/756/664
f 1165/764/652 1164/761/652 1174/758/652 1176/757/652
f 1165/764/665 1176/757/665 1177/757/665 1162/760/665
f 1162/760/656 1177/757/656 1175/765/656 1163/761/656
f 1174/758/666 1164/761/666 1163/761/666 1175/765/666
o kid_body_M.022
v -22.738728 4.198991 -0.447229
v -22.235582 4.105725 -0.447229
v -22.738728 4.198991 0.159904
v -22.235582 4.105725 0.159904
v -22.095041 2.826988 0.183673
v -22.095041 2.826988 -0.470998
v -22.402262 4.730296 -0.370576
v -22.402262 4.730296 0.083251
v -22.467087 2.638348 0.183673
v -22.811535 4.917531 0.083251
v -22.467087 2.638348 -0.470998
v -22.811535 4.917531 -0.370576
v -22.068905 3.481154 0.236557
v -22.068905 3.481154 -0.523882
v -22.665922 3.480451 -0.523882
v -22.665922 3.480451 0.236557
v -22.155987 3.398044 -0.431278
v -22.542757 3.358075 -0.431278
v -22.155987 3.398044 0.143953
v -22.542757 3.358075 0.143953
v -22.142467 3.410947 0.158330
v -22.561878 3.377074 0.158330
v -22.142467 3.410947 -0.445655
v -22.561878 3.377074 -0.445655
vn 0.0097 0.1151 -0.9933
vn 0.0368 0.1198 -0.9921
vn -0.9949 -0.1008 -0.0000
vn 0.0097 0.1151 0.9933
vn -0.0179 0.0595 -0.9981
vn 0.4522 -0.8919 -0.0000
vn 0.4160 0.9094 -0.0000
vn 0.0368 0.1198 0.9921
vn 0.6904 -0.7234 -0.0000
vn 0.0227 -0.6671 0.7446
vn 0.9662 0.2578 -0.0000
vn -0.7048 -0.7094 -0.0000
vn -0.9945 -0.1046 -0.0000
vn -0.0179 0.0595 0.9981
vn 0.9944 0.1061 -0.0000
vn 0.0607 -0.6624 -0.7467
vn 0.0227 -0.6671 -0.7446
vn 0.0607 -0.6624 0.7467
vt 0.562500 0.250000
vt 0.562500 0.250000
vt 0.500000 0.250000
vt 0.625000 0.250000
vt 0.500000 0.000000
vt 0.562500 0.000000
vt 0.500000 0.000000
vt 0.473884 0.250000
vt 0.375000 0.250000
vt 0.375000 0.000000
vt 0.625000 0.000000
vt 0.477938 0.000000
vt 0.477938 0.250000
vt 0.477938 0.000000
vt 0.473883 0.000000
vt 0.473884 0.000000
s 0
usemtl vertex_colors
f 1178/768/667 1179/769/667 1191/770/667 1192/770/667
f 1189/771/668 1184/771/668 1179/769/668 1178/768/668
f 1193/772/669 1180/773/669 1178/768/669 1192/770/669
f 1193/772/670 1190/774/670 1181/773/670 1180/773/670
f 1195/775/671 1194/775/671 1183/776/671 1188/776/671
f 1188/776/672 1183/776/672 1182/777/672 1186/777/672
f 1187/778/673 1185/778/673 1184/771/673 1189/771/673
f 1180/773/669 1187/778/669 1189/771/669 1178/768/669
f 1180/773/674 1181/773/674 1185/778/674 1187/778/674
f 1198/779/675 1200/780/675 1191/770/675 1190/774/675
f 1199/781/676 1198/779/676 1190/774/676 1193/772/676
f 1181/773/677 1179/769/677 1184/771/677 1185/778/677
f 1199/781/678 1193/772/678 1192/770/678 1201/780/678
f 1186/777/679 1197/782/679 1195/775/679 1188/776/679
f 1186/777/680 1182/777/680 1196/783/680 1197/782/680
f 1182/777/681 1183/776/681 1194/775/681 1196/783/681
f 1201/780/682 1200/780/682 1194/775/682 1195/775/682
f 1192/770/683 1191/770/683 1200/780/683 1201/780/683
f 1197/782/678 1199/781/678 1201/780/678 1195/775/678
f 1197/782/684 1196/783/684 1198/779/684 1199/781/684
f 1196/783/675 1194/775/675 1200/780/675 1198/779/675
f 1190/774/677 1191/770/677 1179/769/677 1181/773/677
o kid_body_Arm_Left
v 0.872892 6.167105 -0.257575
v 1.319713 6.017457 -0.257575
v 0.872892 6.167105 0.257575
v 1.319713 6.017457 0.257575
v 1.560262 3.589064 0.327335
v 1.560262 3.589064 -0.327335
v 1.253042 6.393230 -0.226914
v 1.253042 6.393230 0.226914
v 1.188216 3.400423 0.327335
v 0.843769 6.580466 0.226914
v 1.188216 3.400423 -0.327335
v 0.843769 6.580466 -0.226914
v 1.586399 4.514362 0.380220
v 1.586399 4.514362 -0.380220
v 0.989382 4.513659 -0.380220
v 0.989382 4.513659 0.380220
v 1.499317 4.431252 -0.287615
v 1.112546 4.391283 -0.287615
v 1.499317 4.431252 0.287615
v 1.112546 4.391283 0.287615
v 1.512836 4.444155 0.301992
v 1.093425 4.410282 0.301992
v 1.512836 4.444155 -0.301992
v 1.093425 4.410282 -0.301992
vn 0.0112 0.0788 -0.9968
vn 0.0320 0.0813 -0.9962
vn -0.9975 -0.0703 -0.0000
vn 0.0112 0.0788 0.9968
vn -0.0128 0.0423 -0.9990
vn 0.4522 -0.8919 -0.0000
vn 0.4160 0.9094 -0.0000
vn 0.0320 0.0813 0.9962
vn 0.6904 -0.7234 -0.0000
vn 0.0227 -0.6671 0.7446
vn 0.9846 0.1747 -0.0000
vn -0.7048 -0.7094 -0.0000
vn -0.9971 -0.0761 -0.0000
vn -0.0128 0.0423 0.9990
vn 0.9974 0.0722 -0.0000
vn 0.0607 -0.6624 -0.7467
vn 0.0227 -0.6671 -0.7446
vn 0.0607 -0.6624 0.7467
vt 0.600000 0.250000
vt 0.500000 0.250000
vt 0.625000 0.250000
vt 0.500000 0.000000
vt 0.600000 0.000000
vt 0.500000 0.000000
vt 0.473884 0.250000
vt 0.375000 0.250000
vt 0.375000 0.000000
vt 0.625000 0.000000
vt 0.477938 0.000000
vt 0.477938 0.250000
vt 0.477938 0.000000
vt 0.473883 0.000000
vt 0.473884 0.000000
s 0
usemtl vertex_colors
f 1202/784/685 1203/784/685 1215/785/685 1216/785/685
f 1213/786/686 1208/786/686 1203/784/686 1202/784/686
f 1217/787/687 1204/788/687 1202/784/687 1216/785/687
f 1217/787/688 1214/789/688 1205/788/688 1204/788/688
f 1219/790/689 1218/790/689 1207/791/689 1212/791/689
f 1212/791/690 1207/791/690 1206/792/690 1210/792/690
f 1211/793/691 1209/793/691 1208/786/691 1213/786/691
f 1204/788/687 1211/793/687 1213/786/687 1202/784/687
f 1204/788/692 1205/788/692 1209/793/692 1211/793/692
f 1222/794/693 1224/795/693 1215/785/693 1214/789/693
f 1223/796/694 1222/794/694 1214/789/694 1217/787/694
f 1205/788/695 1203/784/695 1208/786/695 1209/793/695
f 1223/796/696 1217/787/696 1216/785/696 1225/795/696
f 1210/792/697 1221/797/697 1219/790/697 1212/791/697
f 1210/792/698 1206/792/698 1220/798/698 1221/797/698
f 1206/792/699 1207/791/699 1218/790/699 1220/798/699
f 1225/795/700 1224/795/700 1218/790/700 1219/790/700
f 1216/785/701 1215/785/701 1224/795/701 1225/795/701
f 1221/797/696 1223/796/696 1225/795/696 1219/790/696
f 1221/797/702 1220/798/702 1222/794/702 1223/796/702
f 1220/798/693 1218/790/693 1224/795/693 1222/794/693
f 1214/789/695 1215/785/695 1203/784/695 1205/788/695
o kid_body_Arm_Right
v -1.560262 3.589064 0.327335
v -1.560262 3.589064 -0.327335
v -1.253041 6.393230 -0.226914
v -1.253041 6.393230 0.226914
v -1.188216 3.400423 0.327335
v -0.843769 6.580466 0.226914
v -1.188216 3.400423 -0.327335
v -0.843769 6.580466 -0.226914
v -1.586399 4.514362 0.380220
v -1.586399 4.514362 -0.380220
v -0.989381 4.513659 -0.380220
v -0.989381 4.513659 0.380220
v -1.499316 4.431252 -0.287615
v -1.112546 4.391283 -0.287615
v -1.499316 4.431252 0.287615
v -1.112546 4.391283 0.287615
v -1.512836 4.444155 0.301992
v -1.093425 4.410282 0.301992
v -1.512836 4.444155 -0.301992
v -1.093425 4.410282 -0.301992
v -0.872891 6.167105 -0.257575
v -1.319713 6.017457 -0.257575
v -0.872891 6.167105 0.257575
v -1.319713 6.017457 0.257575
vn 0.0128 0.0423 -0.9990
vn -0.4522 -0.8919 -0.0000
vn -0.4160 0.9094 -0.0000
vn 0.9975 -0.0703 -0.0000
vn -0.0320 0.0813 0.9962
vn -0.6904 -0.7234 -0.0000
vn -0.0227 -0.6671 0.7446
vn -0.9846 0.1747 -0.0000
vn 0.7048 -0.7094 -0.0000
vn 0.9971 -0.0761 -0.0000
vn 0.0128 0.0423 0.9990
vn -0.9974 0.0722 -0.0000
vn -0.0607 -0.6624 -0.7467
vn -0.0227 -0.6671 -0.7446
vn -0.0607 -0.6624 0.7467
vn -0.0320 0.0813 -0.9962
vn -0.0112 0.0788 0.9968
vn -0.0112 0.0788 -0.9968
vt 0.473884 0.250000
vt 0.375000 0.250000
vt 0.375000 0.000000
vt 0.625000 0.000000
vt 0.625000 0.250000
vt 0.600000 0.000000
vt 0.600000 0.250000
vt 0.600000 0.000000
vt 0.477938 0.000000
vt 0.500000 0.000000
vt 0.500000 0.250000
vt 0.477938 0.250000
vt 0.477938 0.000000
vt 0.500000 0.000000
vt 0.473883 0.000000
vt 0.473884 0.000000
s 0
usemtl vertex_colors
f 1239/799/703 1232/800/703 1227/800/703 1238/799/703
f 1232/800/704 1230/801/704 1226/801/704 1227/800/704
f 1231/802/705 1233/803/705 1228/803/705 1229/802/705
f 1248/804/706 1246/805/706 1233/803/706 1231/802/706
f 1248/804/707 1231/802/707 1229/802/707 1249/806/707
f 1242/807/708 1234/808/708 1235/809/708 1244/810/708
f 1243/811/709 1237/812/709 1234/808/709 1242/807/709
f 1249/806/710 1229/802/710 1228/803/710 1247/805/710
f 1243/811/711 1245/810/711 1236/809/711 1237/812/711
f 1230/801/712 1232/800/712 1239/799/712 1241/813/712
f 1230/801/713 1241/813/713 1240/814/713 1226/801/713
f 1226/801/714 1240/814/714 1238/799/714 1227/800/714
f 1245/810/715 1239/799/715 1238/799/715 1244/810/715
f 1236/809/716 1245/810/716 1244/810/716 1235/809/716
f 1241/813/711 1239/799/711 1245/810/711 1243/811/711
f 1241/813/717 1243/811/717 1242/807/717 1240/814/717
f 1240/814/708 1242/807/708 1244/810/708 1238/799/708
f 1233/803/718 1246/805/718 1247/805/718 1228/803/718
f 1237/812/706 1236/809/706 1246/805/706 1248/804/706
f 1237/812/719 1248/804/719 1249/806/719 1234/808/719
f 1234/808/710 1249/806/710 1247/805/710 1235/809/710
f 1246/805/720 1236/809/720 1235/809/720 1247/805/720
o kid_body_M.026
v -18.146814 5.961798 0.004014
v -18.640293 6.527464 0.497494
v -18.146814 5.961798 -0.285045
v -18.513775 6.527464 -0.778525
v -17.806660 5.961798 -0.008580
v -17.364275 6.527464 0.497494
v -17.857754 5.961798 -0.285045
v -17.490793 6.527464 -0.778525
v -18.431210 7.735676 0.288409
v -18.431210 7.735676 -0.569441
v -17.573359 7.735676 -0.569441
v -17.573359 7.735676 0.288409
v -18.513775 7.244656 -0.778525
v -17.490793 7.244656 -0.778525
v -17.364275 7.244656 0.497494
v -18.640293 7.244656 0.497494
v -18.002283 8.082507 -0.703552
v -18.002283 7.936299 0.063132
v -17.869837 7.735676 0.288409
v -17.573359 7.735676 -0.569441
v -18.431210 7.735676 -0.569441
v -18.134731 7.735676 0.288409
v -17.754665 7.055886 0.664270
v -17.813490 7.199624 0.522698
v -17.818857 7.212735 0.385155
v -17.632925 7.026112 0.664270
v -17.514400 7.126475 0.522698
v -17.503588 7.135630 0.385155
v -17.623621 6.901128 0.664270
v -17.491545 6.819418 0.522698
v -17.479496 6.811965 0.385155
v -17.714285 6.957218 0.697065
v -17.739613 6.853659 0.664270
v -17.776510 6.702796 0.522698
v -17.779875 6.689034 0.385155
v -17.820602 6.949304 0.664270
v -17.975483 6.937776 0.522698
v -17.989611 6.936724 0.385155
v -17.807758 7.185616 0.549835
v -17.525951 7.116694 0.549835
v -17.504416 6.827382 0.549835
v -17.772913 6.717498 0.549835
v -17.960390 6.938899 0.549835
v -18.304407 6.806502 0.629121
v -18.379347 6.886856 0.528963
v -18.386183 6.894186 0.431655
v -18.216402 6.817314 0.629121
v -18.163139 6.913417 0.528963
v -18.158281 6.922183 0.431655
v -18.178925 6.736957 0.629121
v -18.071066 6.715998 0.528963
v -18.061228 6.714087 0.431655
v -18.252964 6.751344 0.652322
v -18.243769 6.676483 0.629121
v -18.230371 6.567426 0.528963
v -18.229149 6.557478 0.431655
v -18.321320 6.719464 0.629121
v -18.420898 6.673022 0.528963
v -18.429983 6.668786 0.431655
v -18.372044 6.879025 0.548161
v -18.168329 6.904051 0.548161
v -18.081577 6.718041 0.548161
v -18.231676 6.578054 0.548161
v -18.411194 6.677548 0.548161
v -18.212635 7.142441 0.614335
v -18.267113 7.200854 0.541525
v -18.272081 7.206182 0.470788
v -18.148661 7.150300 0.614335
v -18.109940 7.220162 0.541525
v -18.106409 7.226534 0.470788
v -18.121416 7.091885 0.614335
v -18.043009 7.076649 0.541525
v -18.035856 7.075260 0.470788
v -18.175240 7.102344 0.631201
v -18.168552 7.047924 0.614335
v -18.158813 6.968646 0.541525
v -18.157927 6.961414 0.470788
v -18.224930 7.079169 0.614335
v -18.297318 7.045408 0.541525
v -18.303921 7.042328 0.470788
v -18.261803 7.195161 0.555482
v -18.113714 7.213353 0.555482
v -18.050650 7.078134 0.555482
v -18.159763 6.976372 0.555482
v -18.290262 7.048698 0.555482
v -17.762486 7.074995 0.647414
v -17.617168 7.039454 0.647414
v -17.606062 6.890266 0.647414
v -17.744518 6.833603 0.647414
v -17.841192 6.947772 0.647414
v -18.217690 7.147860 0.608285
v -18.145067 7.156781 0.608285
v -18.114141 7.090472 0.608285
v -18.167650 7.040568 0.608285
v -18.231646 7.076036 0.608285
v -18.312277 6.814940 0.619701
v -18.210810 6.827406 0.619701
v -18.167599 6.734756 0.619701
v -18.242361 6.665030 0.619701
v -18.331778 6.714587 0.619701
v -18.352106 7.279329 -0.779011
v -17.983200 7.352259 -1.238206
v -17.610758 7.279329 -0.779011
v -18.332245 6.407322 -0.907154
v -17.995819 6.565942 -1.369676
v -17.705191 6.669152 -0.972486
v -17.822124 6.099807 -0.891917
v -17.527533 6.191162 -1.247186
v -17.573032 6.566858 -0.989214
v -17.615675 6.079891 -0.865834
v -17.188538 6.161386 -0.843280
v -17.414028 6.456099 -0.840512
v -17.491386 6.116986 0.191687
v -17.067648 6.219970 0.046624
v -17.293139 6.514683 0.049392
v -17.428389 5.881290 0.270923
v -17.060396 5.967739 0.320007
v -17.257994 6.267615 0.558645
v -17.299978 5.416721 0.406183
v -17.141886 5.439084 0.425482
v -17.232983 5.503788 0.519310
v -17.224949 5.058309 0.450325
vn -0.7943 -0.6041 -0.0642
vn -0.0000 -0.6574 -0.7536
vn 0.8103 -0.5786 -0.0927
vn 0.0058 -0.6620 0.7495
vn -0.0000 -1.0000 -0.0000
vn -0.0000 0.3918 -0.9201
vn -0.0000 1.0000 -0.0000
vn 0.9571 0.2842 -0.0567
vn -0.9571 0.2842 -0.0567
vn -0.0000 0.3918 0.9201
vn -0.0000 -0.0000 1.0000
vn -0.9951 -0.0000 -0.0987
vn 0.9951 -0.0000 -0.0987
vn -0.0000 -0.0000 -1.0000
vn 0.5926 0.7912 0.1509
vn -0.6714 0.7038 0.2320
vn -0.0000 0.7468 0.6651
vn 0.2367 0.9680 0.0830
vn 0.0844 0.3452 0.9347
vn 0.1687 0.6900 0.7039
vn 0.3544 0.0264 0.9347
vn 0.7083 0.0527 0.7039
vn 0.9938 0.0740 0.0830
vn 0.3775 -0.9223 0.0830
vn 0.1346 -0.3289 0.9347
vn 0.2690 -0.6574 0.7039
vn -0.7605 -0.6440 0.0830
vn -0.2712 -0.2297 0.9347
vn -0.5421 -0.4590 0.7039
vn -0.8475 0.5243 0.0830
vn -0.3022 0.1870 0.9347
vn -0.6041 0.3737 0.7039
vn -0.7752 0.4796 0.4113
vn -0.6956 -0.5890 0.4113
vn 0.3452 -0.8436 0.4113
vn 0.9090 0.0677 0.4113
vn 0.2165 0.8854 0.4113
vn -0.1215 0.9891 0.0830
vn -0.0433 0.3528 0.9347
vn -0.0866 0.7050 0.7039
vn 0.3221 0.1502 0.9347
vn 0.6437 0.3002 0.7039
vn 0.9032 0.4212 0.0830
vn 0.6797 -0.7288 0.0830
vn 0.2424 -0.2599 0.9347
vn 0.4845 -0.5195 0.7039
vn -0.4831 -0.8716 0.0830
vn -0.1723 -0.3109 0.9347
vn -0.3443 -0.6213 0.7039
vn -0.9782 0.1901 0.0830
vn -0.3489 0.0678 0.9347
vn -0.6973 0.1355 0.7039
vn -0.8948 0.1739 0.4113
vn -0.4419 -0.7972 0.4113
vn 0.6217 -0.6666 0.4113
vn 0.8261 0.3853 0.4113
vn -0.1111 0.9047 0.4113
vn 0.6714 0.7038 0.2320
vn -0.5926 0.7912 0.1509
vn 0.6710 0.3865 -0.6328
vn -0.6708 0.3534 -0.6520
vn -0.0000 -0.4173 0.9088
vn 0.0877 -0.2154 0.9726
vn 0.7866 0.0821 -0.6120
vn -0.8017 0.0890 -0.5911
vn 0.0810 0.1233 0.9891
vn 0.5535 0.5600 -0.6164
vn -0.4251 -0.7203 -0.5482
vn -0.3399 0.2588 0.9041
vn 0.7072 0.4857 -0.5138
vn 0.1129 -0.9605 -0.2542
vn -0.8788 0.4692 0.0868
vn 0.7850 0.6020 -0.1463
vn 0.2147 -0.9765 0.0209
vn -0.8358 -0.0393 0.5477
vn 0.7735 0.5896 0.2327
vn 0.0406 -0.5814 -0.8126
vn -0.8265 -0.0595 0.5598
vn 0.7553 0.0005 0.6553
vn 0.1711 -0.2244 -0.9593
vn -0.8195 -0.1021 0.5639
vn 0.6783 -0.1005 0.7279
vn 0.1337 -0.0935 -0.9866
vn -0.8052 0.5098 0.3029
vn 0.8887 0.3485 0.2980
vn -0.8804 0.4659 0.0889
vt 0.375000 0.000000
vt 0.625000 0.000000
vt 0.625000 0.250000
vt 0.375000 0.250000
vt 0.625000 0.500000
vt 0.375000 0.500000
vt 0.625000 0.750000
vt 0.375000 0.750000
vt 0.625000 1.000000
vt 0.375000 1.000000
vt 0.125000 0.500000
vt 0.125000 0.750000
vt 0.875000 0.500000
vt 0.875000 0.750000
vt 0.600000 0.250000
vt 0.600000 0.500000
vt 0.400000 0.500000
vt 0.400000 0.250000
vt 0.600000 0.750000
vt 0.500000 1.000000
vt 0.400000 0.750000
vt 0.600000 0.720441
vt 0.400000 0.720441
vt 0.300000 1.000000
vt 0.200000 0.750000
vt 0.200000 0.720441
vt 0.200000 0.500000
vt 0.200000 0.250000
vt 0.000000 0.500000
vt 0.000000 0.250000
vt 0.100000 1.000000
vt 0.000000 0.750000
vt 0.000000 0.720441
vt 1.000000 0.250000
vt 1.000000 0.500000
vt 0.800000 0.500000
vt 0.800000 0.250000
vt 1.000000 0.750000
vt 0.900000 1.000000
vt 0.800000 0.750000
vt 1.000000 0.720441
vt 0.800000 0.720441
vt 0.700000 1.000000
vt 0.800000 0.549324
vt 0.600000 0.549324
vt 1.000000 0.549324
vt 0.200000 0.549324
vt 0.000000 0.549324
vt 0.400000 0.549324
vt 0.600000 0.726651
vt 0.400000 0.726651
vt 0.200000 0.726651
vt 0.000000 0.726651
vt 1.000000 0.726651
vt 0.800000 0.726651
vt 0.600000 0.729372
vt 0.400000 0.729372
vt 0.200000 0.729372
vt 0.000000 0.729372
vt 1.000000 0.729372
vt 0.800000 0.729372
s 0
usemtl vertex_colors
f 1250/815/721 1251/816/721 1253/817/721 1252/818/721
f 1252/818/722 1253/817/722 1257/819/722 1256/820/722
f 1256/820/723 1257/819/723 1255/821/723 1254/822/723
f 1254/822/724 1255/821/724 1251/823/724 1250/824/724
f 1252/825/725 1256/820/725 1254/822/725 1250/826/725
f 1263/819/726 1262/817/726 1259/817/726 1260/819/726
f 1260/819/727 1259/827/727 1258/828/727 1261/821/727
f 1264/821/728 1263/819/728 1260/819/728 1261/821/728
f 1262/817/729 1265/816/729 1258/816/729 1259/817/729
f 1265/823/730 1264/821/730 1261/821/730 1258/823/730
f 1251/823/731 1255/821/731 1264/821/731 1265/823/731
f 1253/817/732 1251/816/732 1265/816/732 1262/817/732
f 1255/821/733 1257/819/733 1263/819/733 1264/821/733
f 1257/819/734 1253/817/734 1262/817/734 1263/819/734
f 1269/819/735 1266/819/735 1267/821/735
f 1270/827/736 1271/828/736 1267/828/736
f 1271/828/737 1268/821/737 1267/828/737
f 1274/829/738 1273/830/738 1276/831/738 1277/832/738
f 1272/833/739 1281/834/739 1275/835/739
f 1335/836/740 1272/833/740 1275/835/740 1336/837/740
f 1275/835/741 1281/838/741 1278/839/741
f 1336/837/742 1275/835/742 1278/839/742 1337/840/742
f 1277/832/743 1276/831/743 1279/841/743 1280/842/743
f 1280/842/744 1279/841/744 1283/843/744 1284/844/744
f 1278/839/745 1281/845/745 1282/846/745
f 1337/840/746 1278/839/746 1282/846/746 1338/847/746
f 1284/848/747 1283/849/747 1286/850/747 1287/851/747
f 1282/852/748 1281/853/748 1285/854/748
f 1338/855/749 1282/852/749 1285/854/749 1339/856/749
f 1287/851/750 1286/850/750 1273/830/750 1274/829/750
f 1285/854/751 1281/857/751 1272/833/751
f 1339/856/752 1285/854/752 1272/833/752 1335/836/752
f 1286/850/753 1292/858/753 1288/859/753 1273/830/753
f 1283/849/754 1291/860/754 1292/858/754 1286/850/754
f 1279/841/755 1290/861/755 1291/862/755 1283/843/755
f 1276/831/756 1289/863/756 1290/861/756 1279/841/756
f 1273/830/757 1288/859/757 1289/863/757 1276/831/757
f 1295/829/758 1294/830/758 1297/831/758 1298/832/758
f 1293/833/759 1302/834/759 1296/835/759
f 1345/864/760 1293/833/760 1296/835/760 1346/865/760
f 1296/835/761 1302/838/761 1299/839/761
f 1346/865/762 1296/835/762 1299/839/762 1347/866/762
f 1298/832/763 1297/831/763 1300/841/763 1301/842/763
f 1301/842/764 1300/841/764 1304/843/764 1305/844/764
f 1299/839/765 1302/845/765 1303/846/765
f 1347/866/766 1299/839/766 1303/846/766 1348/867/766
f 1305/848/767 1304/849/767 1307/850/767 1308/851/767
f 1303/852/768 1302/853/768 1306/854/768
f 1348/868/769 1303/852/769 1306/854/769 1349/869/769
f 1308/851/770 1307/850/770 1294/830/770 1295/829/770
f 1306/854/771 1302/857/771 1293/833/771
f 1349/869/772 1306/854/772 1293/833/772 1345/864/772
f 1307/850/773 1313/858/773 1309/859/773 1294/830/773
f 1304/849/774 1312/860/774 1313/858/774 1307/850/774
f 1300/841/775 1311/861/775 1312/862/775 1304/843/775
f 1297/831/776 1310/863/776 1311/861/776 1300/841/776
f 1294/830/777 1309/859/777 1310/863/777 1297/831/777
f 1316/829/758 1315/830/758 1318/831/758 1319/832/758
f 1314/833/759 1323/834/759 1317/835/759
f 1340/870/760 1314/833/760 1317/835/760 1341/871/760
f 1317/835/761 1323/838/761 1320/839/761
f 1341/871/762 1317/835/762 1320/839/762 1342/872/762
f 1319/832/763 1318/831/763 1321/841/763 1322/842/763
f 1322/842/764 1321/841/764 1325/843/764 1326/844/764
f 1320/839/765 1323/845/765 1324/846/765
f 1342/872/766 1320/839/766 1324/846/766 1343/873/766
f 1326/848/767 1325/849/767 1328/850/767 1329/851/767
f 1324/852/768 1323/853/768 1327/854/768
f 1343/874/769 1324/852/769 1327/854/769 1344/875/769
f 1329/851/770 1328/850/770 1315/830/770 1316/829/770
f 1327/854/771 1323/857/771 1314/833/771
f 1344/875/772 1327/854/772 1314/833/772 1340/870/772
f 1328/850/773 1334/858/773 1330/859/773 1315/830/773
f 1325/849/774 1333/860/774 1334/858/774 1328/850/774
f 1321/841/775 1332/861/775 1333/862/775 1325/843/775
f 1318/831/776 1331/863/776 1332/861/776 1321/841/776
f 1315/830/777 1330/859/777 1331/863/777 1318/831/777
f 1292/858/752 1339/856/752 1335/836/752 1288/859/752
f 1291/860/749 1338/855/749 1339/856/749 1292/858/749
f 1290/861/746 1337/840/746 1338/847/746 1291/862/746
f 1289/863/742 1336/837/742 1337/840/742 1290/861/742
f 1288/859/740 1335/836/740 1336/837/740 1289/863/740
f 1334/858/772 1344/875/772 1340/870/772 1330/859/772
f 1333/860/769 1343/874/769 1344/875/769 1334/858/769
f 1332/861/766 1342/872/766 1343/873/766 1333/862/766
f 1331/863/762 1341/871/762 1342/872/762 1332/861/762
f 1330/859/760 1340/870/760 1341/871/760 1331/863/760
f 1313/858/772 1349/869/772 1345/864/772 1309/859/772
f 1312/860/769 1348/868/769 1349/869/769 1313/858/769
f 1311/861/766 1347/866/766 1348/867/766 1312/862/766
f 1310/863/762 1346/865/762 1347/866/762 1311/861/762
f 1309/859/760 1345/864/760 1346/865/760 1310/863/760
f 1268/821/778 1269/819/778 1267/821/778
f 1266/827/779 1270/827/779 1267/828/779
f 1266/819/780 1269/819/780 1352/819/780 1351/819/780
f 1270/827/781 1266/827/781 1351/827/781 1350/827/781
f 1270/827/782 1350/827/782 1352/819/782 1269/819/782
f 1352/819/783 1350/827/783 1353/827/783 1355/819/783
f 1351/819/784 1352/819/784 1355/819/784 1354/819/784
f 1350/827/785 1351/827/785 1354/827/785 1353/827/785
f 1355/819/786 1353/827/786 1356/827/786 1358/819/786
f 1354/819/787 1355/819/787 1358/819/787 1357/819/787
f 1353/827/788 1354/827/788 1357/827/788 1356/827/788
f 1358/819/789 1356/827/789 1359/827/789 1361/819/789
f 1357/819/790 1358/819/790 1361/819/790 1360/819/790
f 1356/827/791 1357/827/791 1360/827/791 1359/827/791
f 1359/827/792 1362/827/792 1364/819/792
f 1360/819/793 1361/819/793 1364/819/793
f 1359/827/794 1360/827/794 1363/827/794 1362/827/794
f 1362/827/795 1365/827/795 1367/819/795
f 1363/819/796 1364/819/796 1367/819/796
f 1362/827/797 1363/827/797 1366/827/797 1365/827/797
f 1367/819/798 1365/827/798 1368/827/798 1370/819/798
f 1366/819/799 1367/819/799 1370/819/799 1369/819/799
f 1365/827/800 1366/827/800 1369/827/800 1368/827/800
f 1370/819/801 1368/827/801 1371/819/801
f 1369/819/802 1370/819/802 1371/819/802
f 1368/827/803 1369/827/803 1371/827/803
f 1364/819/804 1362/827/804 1367/819/804
f 1366/819/805 1363/819/805 1367/819/805
f 1361/819/806 1359/827/806 1364/819/806
f 1363/819/793 1360/819/793 1364/819/793
o kid_body_M.027
v -23.698906 4.953664 0.004014
v -24.192385 5.519330 0.497494
v -23.698906 4.953664 -0.285045
v -24.065866 5.519330 -0.778525
v -23.358751 4.953664 -0.008580
v -22.916367 5.519330 0.497494
v -23.409845 4.953664 -0.285045
v -23.042885 5.519330 -0.778525
v -23.983301 6.727542 0.288409
v -23.983301 6.727542 -0.569441
v -23.125450 6.727542 -0.569441
v -23.125450 6.727542 0.288409
v -24.065866 6.236522 -0.778525
v -23.042885 6.236522 -0.778525
v -22.916367 6.236522 0.497494
v -24.192385 6.236522 0.497494
v -23.554375 7.074373 -0.703552
v -23.554375 6.928164 0.063132
v -23.421928 6.727542 0.288409
v -23.125450 6.727542 -0.569441
v -23.983301 6.727542 -0.569441
v -23.686823 6.727542 0.288409
v -23.306757 6.047751 0.664270
v -23.365582 6.191489 0.522698
v -23.370949 6.204601 0.385155
v -23.185017 6.017977 0.664270
v -23.066492 6.118341 0.522698
v -23.055679 6.127496 0.385155
v -23.175713 5.892994 0.664270
v -23.043636 5.811284 0.522698
v -23.031588 5.803831 0.385155
v -23.266376 5.949083 0.697065
v -23.291704 5.845524 0.664270
v -23.328602 5.694662 0.522698
v -23.331966 5.680900 0.385155
v -23.372694 5.941170 0.664270
v -23.527575 5.929641 0.522698
v -23.541702 5.928590 0.385155
v -23.359850 6.177482 0.549835
v -23.078043 6.108560 0.549835
v -23.056507 5.819247 0.549835
v -23.325005 5.709364 0.549835
v -23.512482 5.930765 0.549835
v -23.856499 5.798368 0.629121
v -23.931438 5.878722 0.528963
v -23.938274 5.886052 0.431655
v -23.768494 5.809179 0.629121
v -23.715231 5.905282 0.528963
v -23.710373 5.914049 0.431655
v -23.731016 5.728823 0.629121
v -23.623158 5.707864 0.528963
v -23.613319 5.705952 0.431655
v -23.805056 5.743210 0.652322
v -23.795860 5.668348 0.629121
v -23.782463 5.559292 0.528963
v -23.781240 5.549344 0.431655
v -23.873411 5.711330 0.629121
v -23.972990 5.664888 0.528963
v -23.982075 5.660652 0.431655
v -23.924135 5.870891 0.548161
v -23.720421 5.895917 0.548161
v -23.633669 5.709907 0.548161
v -23.783768 5.569920 0.548161
v -23.963285 5.669414 0.548161
v -23.764727 6.134306 0.614335
v -23.819204 6.192719 0.541525
v -23.824173 6.198048 0.470788
v -23.700752 6.142166 0.614335
v -23.662031 6.212028 0.541525
v -23.658501 6.218400 0.470788
v -23.673508 6.083751 0.614335
v -23.595100 6.068515 0.541525
v -23.587948 6.067125 0.470788
v -23.727331 6.094209 0.631201
v -23.720644 6.039789 0.614335
v -23.710905 5.960511 0.541525
v -23.710018 5.953279 0.470788
v -23.777021 6.071034 0.614335
v -23.849409 6.037274 0.541525
v -23.856012 6.034194 0.470788
v -23.813894 6.187027 0.555482
v -23.665806 6.205219 0.555482
v -23.602741 6.070000 0.555482
v -23.711855 5.968237 0.555482
v -23.842354 6.040564 0.555482
v -23.314577 6.066860 0.647414
v -23.169260 6.031320 0.647414
v -23.158154 5.882132 0.647414
v -23.296610 5.825469 0.647414
v -23.393284 5.939637 0.647414
v -23.769781 6.139726 0.608285
v -23.697159 6.148647 0.608285
v -23.666233 6.082337 0.608285
v -23.719742 6.032434 0.608285
v -23.783737 6.067902 0.608285
v -23.864368 5.806806 0.619701
v -23.762901 5.819272 0.619701
v -23.719690 5.726622 0.619701
v -23.794453 5.656896 0.619701
v -23.883869 5.706453 0.619701
v -23.904198 6.271194 -0.779011
v -23.535292 6.344124 -1.238206
v -23.162849 6.271194 -0.779011
v -23.884336 5.399188 -0.907154
v -23.547911 5.557808 -1.369676
v -23.257282 5.661018 -0.972486
v -23.374216 5.091672 -0.891917
v -23.079624 5.183028 -1.247186
v -23.125122 5.558723 -0.989214
v -23.167767 5.071757 -0.865834
v -22.740627 5.153252 -0.843280
v -22.966120 5.447965 -0.840512
v -23.043478 5.108851 0.191687
v -22.619740 5.211836 0.046624
v -22.845230 5.506549 0.049392
v -22.980480 4.873156 0.270923
v -22.612488 4.959605 0.320007
v -22.810085 5.259481 0.558645
v -22.852070 4.408587 0.406183
v -22.693977 4.430950 0.425482
v -22.785074 4.495654 0.519310
v -22.777040 4.050174 0.450325
vn -0.7943 -0.6041 -0.0642
vn -0.0000 -0.6574 -0.7536
vn 0.8103 -0.5786 -0.0927
vn 0.0058 -0.6620 0.7495
vn -0.0000 -1.0000 -0.0000
vn -0.0000 0.3918 -0.9201
vn -0.0000 1.0000 -0.0000
vn 0.9571 0.2842 -0.0567
vn -0.9571 0.2842 -0.0567
vn -0.0000 0.3918 0.9201
vn -0.0000 -0.0000 1.0000
vn -0.9951 -0.0000 -0.0987
vn 0.9951 -0.0000 -0.0987
vn -0.0000 -0.0000 -1.0000
vn 0.5926 0.7912 0.1509
vn -0.6714 0.7038 0.2320
vn -0.0000 0.7468 0.6651
vn 0.2367 0.9680 0.0830
vn 0.0844 0.3452 0.9347
vn 0.1687 0.6900 0.7039
vn 0.3544 0.0264 0.9347
vn 0.7083 0.0527 0.7039
vn 0.9938 0.0740 0.0830
vn 0.3775 -0.9223 0.0830
vn 0.1346 -0.3289 0.9347
vn 0.2690 -0.6574 0.7039
vn -0.7605 -0.6440 0.0830
vn -0.2712 -0.2297 0.9347
vn -0.5421 -0.4590 0.7039
vn -0.8475 0.5243 0.0830
vn -0.3022 0.1870 0.9347
vn -0.6041 0.3737 0.7039
vn -0.7752 0.4796 0.4113
vn -0.6956 -0.5890 0.4113
vn 0.3452 -0.8436 0.4113
vn 0.9090 0.0677 0.4113
vn 0.2165 0.8854 0.4113
vn -0.1215 0.9891 0.0830
vn -0.0433 0.3528 0.9347
vn -0.0866 0.7050 0.7039
vn 0.3221 0.1502 0.9347
vn 0.6437 0.3002 0.7039
vn 0.9032 0.4212 0.0830
vn 0.6797 -0.7288 0.0830
vn 0.2424 -0.2599 0.9347
vn 0.4845 -0.5195 0.7039
vn -0.4831 -0.8716 0.0830
vn -0.1723 -0.3109 0.9347
vn -0.3443 -0.6213 0.7039
vn -0.9782 0.1901 0.0830
vn -0.3489 0.0678 0.9347
vn -0.6973 0.1355 0.7039
vn -0.8948 0.1739 0.4113
vn -0.4419 -0.7972 0.4113
vn 0.6217 -0.6666 0.4113
vn 0.8261 0.3853 0.4113
vn -0.1111 0.9047 0.4113
vn 0.6714 0.7038 0.2320
vn -0.5926 0.7912 0.1509
vn 0.6710 0.3865 -0.6328
vn -0.6708 0.3534 -0.6520
vn -0.0000 -0.4173 0.9088
vn 0.0877 -0.2154 0.9726
vn 0.7866 0.0821 -0.6120
vn -0.8017 0.0890 -0.5911
vn 0.0810 0.1233 0.9891
vn 0.5535 0.5600 -0.6164
vn -0.4251 -0.7203 -0.5482
vn -0.3399 0.2588 0.9041
vn 0.7072 0.4857 -0.5138
vn 0.1129 -0.9605 -0.2542
vn -0.8788 0.4692 0.0868
vn 0.7850 0.6020 -0.1463
vn 0.2147 -0.9765 0.0209
vn -0.8358 -0.0393 0.5477
vn 0.7735 0.5896 0.2327
vn 0.0406 -0.5814 -0.8126
vn -0.8265 -0.0595 0.5598
vn 0.7553 0.0005 0.6553
vn 0.1711 -0.2244 -0.9593
vn -0.8195 -0.1021 0.5639
vn 0.6783 -0.1005 0.7279
vn 0.1337 -0.0935 -0.9866
vn -0.8052 0.5098 0.3029
vn 0.8887 0.3485 0.2980
vn -0.8804 0.4659 0.0889
vt 0.375000 0.000000
vt 0.625000 0.000000
vt 0.625000 0.250000
vt 0.375000 0.250000
vt 0.625000 0.500000
vt 0.375000 0.500000
vt 0.625000 0.750000
vt 0.375000 0.750000
vt 0.625000 1.000000
vt 0.375000 1.000000
vt 0.125000 0.500000
vt 0.125000 0.750000
vt 0.875000 0.500000
vt 0.875000 0.750000
vt 0.600000 0.250000
vt 0.600000 0.500000
vt 0.400000 0.500000
vt 0.400000 0.250000
vt 0.600000 0.750000
vt 0.500000 1.000000
vt 0.400000 0.750000
vt 0.600000 0.720441
vt 0.400000 0.720441
vt 0.300000 1.000000
vt 0.200000 0.750000
vt 0.200000 0.720441
vt 0.200000 0.500000
vt 0.200000 0.250000
vt 0.000000 0.500000
vt 0.000000 0.250000
vt 0.100000 1.000000
vt 0.000000 0.750000
vt 0.000000 0.720441
vt 1.000000 0.250000
vt 1.000000 0.500000
vt 0.800000 0.500000
vt 0.800000 0.250000
vt 1.000000 0.750000
vt 0.900000 1.000000
vt 0.800000 0.750000
vt 1.000000 0.720441
vt 0.800000 0.720441
vt 0.700000 1.000000
vt 0.800000 0.549324
vt 0.600000 0.549324
vt 1.000000 0.549324
vt 0.200000 0.549324
vt 0.000000 0.549324
vt 0.400000 0.549324
vt 0.600000 0.726651
vt 0.400000 0.726651
vt 0.200000 0.726651
vt 0.000000 0.726651
vt 1.000000 0.726651
vt 0.800000 0.726651
vt 0.600000 0.729372
vt 0.400000 0.729372
vt 0.200000 0.729372
vt 0.000000 0.729372
vt 1.000000 0.729372
vt 0.800000 0.729372
s 0
usemtl vertex_colors
f 1372/876/807 1373/877/807 1375/878/807 1374/879/807
f 1374/879/808 1375/878/808 1379/880/808 1378/881/808
f 1378/881/809 1379/880/809 1377/882/809 1376/883/809
f 1376/883/810 1377/882/810 1373/884/810 1372/885/810
f 1374/886/811 1378/881/811 1376/883/811 1372/887/811
f 1385/880/812 1384/878/812 1381/878/812 1382/880/812
f 1382/880/813 1381/888/813 1380/889/813 1383/882/813
f 1386/882/814 1385/880/814 1382/880/814 1383/882/814
f 1384/878/815 1387/877/815 1380/877/815 1381/878/815
f 1387/884/816 1386/882/816 1383/882/816 1380/884/816
f 1373/884/817 1377/882/817 1386/882/817 1387/884/817
f 1375/878/818 1373/877/818 1387/877/818 1384/878/818
f 1377/882/819 1379/880/819 1385/880/819 1386/882/819
f 1379/880/820 1375/878/820 1384/878/820 1385/880/820
f 1391/880/821 1388/880/821 1389/882/821
f 1392/888/822 1393/889/822 1389/889/822
f 1393/889/823 1390/882/823 1389/889/823
f 1396/890/824 1395/891/824 1398/892/824 1399/893/824
f 1394/894/825 1403/895/825 1397/896/825
f 1457/897/826 1394/894/826 1397/896/826 1458/898/826
f 1397/896/827 1403/899/827 1400/900/827
f 1458/898/828 1397/896/828 1400/900/828 1459/901/828
f 1399/893/829 1398/892/829 1401/902/829 1402/903/829
f 1402/903/830 1401/902/830 1405/904/830 1406/905/830
f 1400/900/831 1403/906/831 1404/907/831
f 1459/901/832 1400/900/832 1404/907/832 1460/908/832
f 1406/909/833 1405/910/833 1408/911/833 1409/912/833
f 1404/913/834 1403/914/834 1407/915/834
f 1460/916/835 1404/913/835 1407/915/835 1461/917/835
f 1409/912/836 1408/911/836 1395/891/836 1396/890/836
f 1407/915/837 1403/918/837 1394/894/837
f 1461/917/838 1407/915/838 1394/894/838 1457/897/838
f 1408/911/839 1414/919/839 1410/920/839 1395/891/839
f 1405/910/840 1413/921/840 1414/919/840 1408/911/840
f 1401/902/841 1412/922/841 1413/923/841 1405/904/841
f 1398/892/842 1411/924/842 1412/922/842 1401/902/842
f 1395/891/843 1410/920/843 1411/924/843 1398/892/843
f 1417/890/844 1416/891/844 1419/892/844 1420/893/844
f 1415/894/845 1424/895/845 1418/896/845
f 1467/925/846 1415/894/846 1418/896/846 1468/926/846
f 1418/896/847 1424/899/847 1421/900/847
f 1468/926/848 1418/896/848 1421/900/848 1469/927/848
f 1420/893/849 1419/892/849 1422/902/849 1423/903/849
f 1423/903/850 1422/902/850 1426/904/850 1427/905/850
f 1421/900/851 1424/906/851 1425/907/851
f 1469/927/852 1421/900/852 1425/907/852 1470/928/852
f 1427/909/853 1426/910/853 1429/911/853 1430/912/853
f 1425/913/854 1424/914/854 1428/915/854
f 1470/929/855 1425/913/855 1428/915/855 1471/930/855
f 1430/912/856 1429/911/856 1416/891/856 1417/890/856
f 1428/915/857 1424/918/857 1415/894/857
f 1471/930/858 1428/915/858 1415/894/858 1467/925/858
f 1429/911/859 1435/919/859 1431/920/859 1416/891/859
f 1426/910/860 1434/921/860 1435/919/860 1429/911/860
f 1422/902/861 1433/922/861 1434/923/861 1426/904/861
f 1419/892/862 1432/924/862 1433/922/862 1422/902/862
f 1416/891/863 1431/920/863 1432/924/863 1419/892/863
f 1438/890/844 1437/891/844 1440/892/844 1441/893/844
f 1436/894/845 1445/895/845 1439/896/845
f 1462/931/846 1436/894/846 1439/896/846 1463/932/846
f 1439/896/847 1445/899/847 1442/900/847
f 1463/932/848 1439/896/848 1442/900/848 1464/933/848
f 1441/893/849 1440/892/849 1443/902/849 1444/903/849
f 1444/903/850 1443/902/850 1447/904/850 1448/905/850
f 1442/900/851 1445/906/851 1446/907/851
f 1464/933/852 1442/900/852 1446/907/852 1465/934/852
f 1448/909/853 1447/910/853 1450/911/853 1451/912/853
f 1446/913/854 1445/914/854 1449/915/854
f 1465/935/855 1446/913/855 1449/915/855 1466/936/855
f 1451/912/856 1450/911/856 1437/891/856 1438/890/856
f 1449/915/857 1445/918/857 1436/894/857
f 1466/936/858 1449/915/858 1436/894/858 1462/931/858
f 1450/911/859 1456/919/859 1452/920/859 1437/891/859
f 1447/910/860 1455/921/860 1456/919/860 1450/911/860
f 1443/902/861 1454/922/861 1455/923/861 1447/904/861
f 1440/892/862 1453/924/862 1454/922/862 1443/902/862
f 1437/891/863 1452/920/863 1453/924/863 1440/892/863
f 1414/919/838 1461/917/838 1457/897/838 1410/920/838
f 1413/921/835 1460/916/835 1461/917/835 1414/919/835
f 1412/922/832 1459/901/832 1460/908/832 1413/923/832
f 1411/924/828 1458/898/828 1459/901/828 1412/922/828
f 1410/920/826 1457/897/826 1458/898/826 1411/924/826
f 1456/919/858 1466/936/858 1462/931/858 1452/920/858
f 1455/921/855 1465/935/855 1466/936/855 1456/919/855
f 1454/922/852 1464/933/852 1465/934/852 1455/923/852
f 1453/924/848 1463/932/848 1464/933/848 1454/922/848
f 1452/920/846 1462/931/846 1463/932/846 1453/924/846
f 1435/919/858 1471/930/858 1467/925/858 1431/920/858
f 1434/921/855 1470/929/855 1471/930/855 1435/919/855
f 1433/922/852 1469/927/852 1470/928/852 1434/923/852
f 1432/924/848 1468/926/848 1469/927/848 1433/922/848
f 1431/920/846 1467/925/846 1468/926/846 1432/924/846
f 1390/882/864 1391/880/864 1389/882/864
f 1388/888/865 1392/888/865 1389/889/865
f 1388/880/866 1391/880/866 1474/880/866 1473/880/866
f 1392/888/867 1388/888/867 1473/888/867 1472/888/867
f 1392/888/868 1472/888/868 1474/880/868 1391/880/868
f 1474/880/869 1472/888/869 1475/888/869 1477/880/869
f 1473/880/870 1474/880/870 1477/880/870 1476/880/870
f 1472/888/871 1473/888/871 1476/888/871 1475/888/871
f 1477/880/872 1475/888/872 1478/888/872 1480/880/872
f 1476/880/873 1477/880/873 1480/880/873 1479/880/873
f 1475/888/874 1476/888/874 1479/888/874 1478/888/874
f 1480/880/875 1478/888/875 1481/888/875 1483/880/875
f 1479/880/876 1480/880/876 1483/880/876 1482/880/876
f 1478/888/877 1479/888/877 1482/888/877 1481/888/877
f 1481/888/878 1484/888/878 1486/880/878
f 1482/880/879 1483/880/879 1486/880/879
f 1481/888/880 1482/888/880 1485/888/880 1484/888/880
f 1484/888/881 1487/888/881 1489/880/881
f 1485/880/882 1486/880/882 1489/880/882
f 1484/888/883 1485/888/883 1488/888/883 1487/888/883
f 1489/880/884 1487/888/884 1490/888/884 1492/880/884
f 1488/880/885 1489/880/885 1492/880/885 1491/880/885
f 1487/888/886 1488/888/886 1491/888/886 1490/888/886
f 1492/880/887 1490/888/887 1493/880/887
f 1491/880/888 1492/880/888 1493/880/888
f 1490/888/889 1491/888/889 1493/888/889
f 1486/880/890 1484/888/890 1489/880/890
f 1488/880/891 1485/880/891 1489/880/891
f 1483/880/892 1481/888/892 1486/880/892
f 1485/880/879 1482/880/879 1486/880/879
o kid_body_F_L_head
v -0.144530 6.533236 0.144528
v -0.638009 7.098902 0.638007
v -0.144530 6.533236 -0.144532
v -0.511490 7.098902 -0.638011
v 0.195625 6.533236 0.131933
v 0.638009 7.098902 0.638007
v 0.144530 6.533236 -0.144532
v 0.511490 7.098902 -0.638011
v -0.428925 8.307114 0.428923
v -0.428925 8.307114 -0.428927
v 0.428925 8.307114 -0.428927
v 0.428925 8.307114 0.428923
v -0.511490 7.816093 -0.638011
v 0.511490 7.816093 -0.638011
v 0.638009 7.816093 0.638007
v -0.638009 7.816093 0.638007
v 0.000000 8.653944 -0.563038
v 0.000000 8.507736 0.203646
v 0.132448 8.307114 0.428923
v 0.428925 8.307114 -0.428927
v -0.428925 8.307114 -0.428927
v -0.132448 8.307114 0.428923
v 0.247618 7.627323 0.804784
v 0.188793 7.771061 0.663212
v 0.183427 7.784173 0.525669
v 0.369359 7.597549 0.804784
v 0.487884 7.697913 0.663212
v 0.498696 7.707067 0.525669
v 0.378663 7.472566 0.804784
v 0.510740 7.390856 0.663212
v 0.522788 7.383403 0.525669
v 0.287999 7.528655 0.837579
v 0.262671 7.425096 0.804784
v 0.225775 7.274233 0.663212
v 0.222409 7.260472 0.525669
v 0.181681 7.520741 0.804784
v 0.026801 7.509213 0.663212
v 0.012673 7.508162 0.525669
v 0.194526 7.757053 0.690349
v 0.476333 7.688132 0.690349
v 0.497868 7.398819 0.690349
v 0.229370 7.288936 0.690349
v 0.041895 7.510336 0.690349
v -0.302123 7.377940 0.769634
v -0.377063 7.458293 0.669477
v -0.383899 7.465623 0.572169
v -0.214118 7.388751 0.769634
v -0.160855 7.484854 0.669477
v -0.155997 7.493620 0.572169
v -0.176641 7.308394 0.769634
v -0.068783 7.287436 0.669477
v -0.058944 7.285524 0.572169
v -0.250681 7.322782 0.792836
v -0.241484 7.247920 0.769634
v -0.228087 7.138864 0.669477
v -0.226865 7.128916 0.572169
v -0.319036 7.290902 0.769634
v -0.418615 7.244460 0.669477
v -0.427698 7.240223 0.572169
v -0.369760 7.450463 0.688675
v -0.166046 7.475489 0.688675
v -0.079294 7.289478 0.688675
v -0.229392 7.149492 0.688675
v -0.408910 7.248986 0.688675
v -0.210351 7.713878 0.754849
v -0.264828 7.772291 0.682039
v -0.269797 7.777619 0.611302
v -0.146376 7.721737 0.754849
v -0.107656 7.791599 0.682039
v -0.104125 7.797972 0.611302
v -0.119132 7.663322 0.754849
v -0.040725 7.648087 0.682039
v -0.033573 7.646697 0.611302
v -0.172955 7.673781 0.771715
v -0.166269 7.619361 0.754849
v -0.156530 7.540083 0.682039
v -0.155642 7.532851 0.611302
v -0.222645 7.650606 0.754849
v -0.295034 7.616846 0.682039
v -0.301637 7.613766 0.611302
v -0.259519 7.766598 0.695996
v -0.111430 7.784791 0.695996
v -0.048366 7.649571 0.695996
v -0.157479 7.547809 0.695996
v -0.287979 7.620135 0.695996
v 0.239798 7.646432 0.787928
v 0.385116 7.610892 0.787928
v 0.396221 7.461703 0.787928
v 0.257766 7.405040 0.787928
v 0.161091 7.519209 0.787928
v -0.215405 7.719297 0.748799
v -0.142784 7.728219 0.748799
v -0.111858 7.661909 0.748799
v -0.165366 7.612006 0.748799
v -0.229361 7.647474 0.748799
v -0.309993 7.386378 0.760215
v -0.208525 7.398843 0.760215
v -0.165315 7.306193 0.760215
v -0.240077 7.236468 0.760215
v -0.329493 7.286025 0.760215
v -0.349822 7.850766 -0.638498
v 0.019084 7.923696 -1.097692
v 0.391526 7.850766 -0.638498
v -0.329961 6.978760 -0.766640
v 0.006466 7.137380 -1.229162
v 0.297093 7.240590 -0.831972
v 0.180159 6.671244 -0.751403
v 0.474751 6.762599 -1.106672
v 0.429253 7.138295 -0.848700
v 0.386609 6.651329 -0.725320
v 0.813747 6.732823 -0.702766
v 0.588255 7.027536 -0.699998
v 0.510898 6.688423 0.332200
v 0.934637 6.791408 0.187138
v 0.709145 7.086121 0.189906
v 0.573896 6.452728 0.411437
v 0.941888 6.539176 0.460521
v 0.744290 6.839053 0.699159
v 0.702305 5.988159 0.546697
v 0.860398 6.010521 0.565995
v 0.769301 6.075226 0.659824
v 0.777335 5.629746 0.590839
vn -0.7943 -0.6041 -0.0642
vn -0.0000 -0.6574 -0.7536
vn 0.8103 -0.5786 -0.0927
vn 0.0058 -0.6620 0.7495
vn -0.0000 -1.0000 -0.0000
vn -0.0000 0.3918 -0.9201
vn -0.0000 1.0000 -0.0000
vn 0.9571 0.2842 -0.0567
vn -0.9571 0.2842 -0.0567
vn -0.0000 0.3918 0.9201
vn -0.0000 -0.0000 1.0000
vn -0.9951 -0.0000 -0.0987
vn 0.9951 -0.0000 -0.0987
vn -0.0000 -0.0000 -1.0000
vn 0.5926 0.7912 0.1509
vn -0.6714 0.7038 0.2320
vn -0.0000 0.7468 0.6651
vn 0.2367 0.9680 0.0830
vn 0.0844 0.3452 0.9347
vn 0.1687 0.6900 0.7039
vn 0.3544 0.0264 0.9347
vn 0.7083 0.0527 0.7039
vn 0.9938 0.0740 0.0830
vn 0.3775 -0.9223 0.0830
vn 0.1346 -0.3289 0.9347
vn 0.2690 -0.6574 0.7039
vn -0.7605 -0.6440 0.0830
vn -0.2712 -0.2297 0.9347
vn -0.5421 -0.4590 0.7039
vn -0.8475 0.5243 0.0830
vn -0.3022 0.1870 0.9347
vn -0.6041 0.3737 0.7039
vn -0.7752 0.4796 0.4113
vn -0.6956 -0.5890 0.4113
vn 0.3452 -0.8436 0.4113
vn 0.9090 0.0677 0.4113
vn 0.2165 0.8854 0.4113
vn -0.1215 0.9891 0.0830
vn -0.0433 0.3528 0.9347
vn -0.0866 0.7050 0.7039
vn 0.3221 0.1502 0.9347
vn 0.6437 0.3002 0.7039
vn 0.9032 0.4212 0.0830
vn 0.6797 -0.7288 0.0830
vn 0.2424 -0.2599 0.9347
vn 0.4845 -0.5195 0.7039
vn -0.4831 -0.8716 0.0830
vn -0.1723 -0.3109 0.9347
vn -0.3443 -0.6213 0.7039
vn -0.9782 0.1901 0.0830
vn -0.3489 0.0678 0.9347
vn -0.6973 0.1355 0.7039
vn -0.8948 0.1739 0.4113
vn -0.4419 -0.7972 0.4113
vn 0.6217 -0.6666 0.4113
vn 0.8261 0.3853 0.4113
vn -0.1111 0.9047 0.4113
vn 0.6714 0.7038 0.2320
vn -0.5926 0.7912 0.1509
vn 0.6710 0.3865 -0.6328
vn -0.6708 0.3534 -0.6520
vn -0.0000 -0.4173 0.9088
vn 0.0877 -0.2154 0.9726
vn 0.7866 0.0821 -0.6120
vn -0.8017 0.0890 -0.5911
vn 0.0810 0.1233 0.9891
vn 0.5535 0.5600 -0.6164
vn -0.4251 -0.7203 -0.5482
vn -0.3399 0.2588 0.9041
vn 0.7072 0.4857 -0.5138
vn 0.1129 -0.9605 -0.2542
vn -0.8788 0.4692 0.0868
vn 0.7850 0.6020 -0.1463
vn 0.2147 -0.9765 0.0209
vn -0.8358 -0.0393 0.5477
vn 0.7735 0.5896 0.2327
vn 0.0406 -0.5814 -0.8126
vn -0.8265 -0.0595 0.5598
vn 0.7553 0.0005 0.6553
vn 0.1711 -0.2244 -0.9593
vn -0.8195 -0.1021 0.5639
vn 0.6783 -0.1005 0.7279
vn 0.1337 -0.0935 -0.9866
vn -0.8052 0.5098 0.3029
vn 0.8887 0.3485 0.2980
vn -0.8804 0.4659 0.0889
vt 0.375000 0.000000
vt 0.625000 0.000000
vt 0.625000 0.250000
vt 0.375000 0.250000
vt 0.625000 0.500000
vt 0.375000 0.500000
vt 0.625000 0.750000
vt 0.375000 0.750000
vt 0.625000 1.000000
vt 0.375000 1.000000
vt 0.125000 0.500000
vt 0.125000 0.750000
vt 0.875000 0.500000
vt 0.875000 0.750000
vt 0.600000 0.250000
vt 0.600000 0.500000
vt 0.400000 0.500000
vt 0.400000 0.250000
vt 0.600000 0.750000
vt 0.500000 1.000000
vt 0.400000 0.750000
vt 0.600000 0.720441
vt 0.400000 0.720441
vt 0.300000 1.000000
vt 0.200000 0.750000
vt 0.200000 0.720441
vt 0.200000 0.500000
vt 0.200000 0.250000
vt 0.000000 0.500000
vt 0.000000 0.250000
vt 0.100000 1.000000
vt 0.000000 0.750000
vt 0.000000 0.720441
vt 1.000000 0.250000
vt 1.000000 0.500000
vt 0.800000 0.500000
vt 0.800000 0.250000
vt 1.000000 0.750000
vt 0.900000 1.000000
vt 0.800000 0.750000
vt 1.000000 0.720441
vt 0.800000 0.720441
vt 0.700000 1.000000
vt 0.800000 0.549324
vt 0.600000 0.549324
vt 1.000000 0.549324
vt 0.200000 0.549324
vt 0.000000 0.549324
vt 0.400000 0.549324
vt 0.600000 0.726651
vt 0.400000 0.726651
vt 0.200000 0.726651
vt 0.000000 0.726651
vt 1.000000 0.726651
vt 0.800000 0.726651
vt 0.600000 0.729372
vt 0.400000 0.729372
vt 0.200000 0.729372
vt 0.000000 0.729372
vt 1.000000 0.729372
vt 0.800000 0.729372
s 0
usemtl vertex_colors
f 1494/937/893 1495/938/893 1497/939/893 1496/940/893
f 1496/940/894 1497/939/894 1501/941/894 1500/942/894
f 1500/942/895 1501/941/895 1499/943/895 1498/944/895
f 1498/944/896 1499/943/896 1495/945/896 1494/946/896
f 1496/947/897 1500/942/897 1498/944/897 1494/948/897
f 1507/941/898 1506/939/898 1503/939/898 1504/941/898
f 1504/941/899 1503/949/899 1502/950/899 1505/943/899
f 1508/943/900 1507/941/900 1504/941/900 1505/943/900
f 1506/939/901 1509/938/901 1502/938/901 1503/939/901
f 1509/945/902 1508/943/902 1505/943/902 1502/945/902
f 1495/945/903 1499/943/903 1508/943/903 1509/945/903
f 1497/939/904 1495/938/904 1509/938/904 1506/939/904
f 1499/943/905 1501/941/905 1507/941/905 1508/943/905
f 1501/941/906 1497/939/906 1506/939/906 1507/941/906
f 1513/941/907 1510/941/907 1511/943/907
f 1514/949/908 1515/950/908 1511/950/908
f 1515/950/909 1512/943/909 1511/950/909
f 1518/951/910 1517/952/910 1520/953/910 1521/954/910
f 1516/955/911 1525/956/911 1519/957/911
f 1579/958/912 1516/955/912 1519/957/912 1580/959/912
f 1519/957/913 1525/960/913 1522/961/913
f 1580/959/914 1519/957/914 1522/961/914 1581/962/914
f 1521/954/915 1520/953/915 1523/963/915 1524/964/915
f 1524/964/916 1523/963/916 1527/965/916 1528/966/916
f 1522/961/917 1525/967/917 1526/968/917
f 1581/962/918 1522/961/918 1526/968/918 1582/969/918
f 1528/970/919 1527/971/919 1530/972/919 1531/973/919
f 1526/974/920 1525/975/920 1529/976/920
f 1582/977/921 1526/974/921 1529/976/921 1583/978/921
f 1531/973/922 1530/972/922 1517/952/922 1518/951/922
f 1529/976/923 1525/979/923 1516/955/923
f 1583/978/924 1529/976/924 1516/955/924 1579/958/924
f 1530/972/925 1536/980/925 1532/981/925 1517/952/925
f 1527/971/926 1535/982/926 1536/980/926 1530/972/926
f 1523/963/927 1534/983/927 1535/984/927 1527/965/927
f 1520/953/928 1533/985/928 1534/983/928 1523/963/928
f 1517/952/929 1532/981/929 1533/985/929 1520/953/929
f 1539/951/930 1538/952/930 1541/953/930 1542/954/930
f 1537/955/931 1546/956/931 1540/957/931
f 1589/986/932 1537/955/932 1540/957/932 1590/987/932
f 1540/957/933 1546/960/933 1543/961/933
f 1590/987/934 1540/957/934 1543/961/934 1591/988/934
f 1542/954/935 1541/953/935 1544/963/935 1545/964/935
f 1545/964/936 1544/963/936 1548/965/936 1549/966/936
f 1543/961/937 1546/967/937 1547/968/937
f 1591/988/938 1543/961/938 1547/968/938 1592/989/938
f 1549/970/939 1548/971/939 1551/972/939 1552/973/939
f 1547/974/940 1546/975/940 1550/976/940
f 1592/990/941 1547/974/941 1550/976/941 1593/991/941
f 1552/973/942 1551/972/942 1538/952/942 1539/951/942
f 1550/976/943 1546/979/943 1537/955/943
f 1593/991/944 1550/976/944 1537/955/944 1589/986/944
f 1551/972/945 1557/980/945 1553/981/945 1538/952/945
f 1548/971/946 1556/982/946 1557/980/946 1551/972/946
f 1544/963/947 1555/983/947 1556/984/947 1548/965/947
f 1541/953/948 1554/985/948 1555/983/948 1544/963/948
f 1538/952/949 1553/981/949 1554/985/949 1541/953/949
f 1560/951/930 1559/952/930 1562/953/930 1563/954/930
f 1558/955/931 1567/956/931 1561/957/931
f 1584/992/932 1558/955/932 1561/957/932 1585/993/932
f 1561/957/933 1567/960/933 1564/961/933
f 1585/993/934 1561/957/934 1564/961/934 1586/994/934
f 1563/954/935 1562/953/935 1565/963/935 1566/964/935
f 1566/964/936 1565/963/936 1569/965/936 1570/966/936
f 1564/961/937 1567/967/937 1568/968/937
f 1586/994/938 1564/961/938 1568/968/938 1587/995/938
f 1570/970/939 1569/971/939 1572/972/939 1573/973/939
f 1568/974/940 1567/975/940 1571/976/940
f 1587/996/941 1568/974/941 1571/976/941 1588/997/941
f 1573/973/942 1572/972/942 1559/952/942 1560/951/942
f 1571/976/943 1567/979/943 1558/955/943
f 1588/997/944 1571/976/944 1558/955/944 1584/992/944
f 1572/972/945 1578/980/945 1574/981/945 1559/952/945
f 1569/971/946 1577/982/946 1578/980/946 1572/972/946
f 1565/963/947 1576/983/947 1577/984/947 1569/965/947
f 1562/953/948 1575/985/948 1576/983/948 1565/963/948
f 1559/952/949 1574/981/949 1575/985/949 1562/953/949
f 1536/980/924 1583/978/924 1579/958/924 1532/981/924
f 1535/982/921 1582/977/921 1583/978/921 1536/980/921
f 1534/983/918 1581/962/918 1582/969/918 1535/984/918
f 1533/985/914 1580/959/914 1581/962/914 1534/983/914
f 1532/981/912 1579/958/912 1580/959/912 1533/985/912
f 1578/980/944 1588/997/944 1584/992/944 1574/981/944
f 1577/982/941 1587/996/941 1588/997/941 1578/980/941
f 1576/983/938 1586/994/938 1587/995/938 1577/984/938
f 1575/985/934 1585/993/934 1586/994/934 1576/983/934
f 1574/981/932 1584/992/932 1585/993/932 1575/985/932
f 1557/980/944 1593/991/944 1589/986/944 1553/981/944
f 1556/982/941 1592/990/941 1593/991/941 1557/980/941
f 1555/983/938 1591/988/938 1592/989/938 1556/984/938
f 1554/985/934 1590/987/934 1591/988/934 1555/983/934
f 1553/981/932 1589/986/932 1590/987/932 1554/985/932
f 1512/943/950 1513/941/950 1511/943/950
f 1510/949/951 1514/949/951 1511/950/951
f 1510/941/952 1513/941/952 1596/941/952 1595/941/952
f 1514/949/953 1510/949/953 1595/949/953 1594/949/953
f 1514/949/954 1594/949/954 1596/941/954 1513/941/954
f 1596/941/955 1594/949/955 1597/949/955 1599/941/955
f 1595/941/956 1596/941/956 1599/941/956 1598/941/956
f 1594/949/957 1595/949/957 1598/949/957 1597/949/957
f 1599/941/958 1597/949/958 1600/949/958 1602/941/958
f 1598/941/959 1599/941/959 1602/941/959 1601/941/959
f 1597/949/960 1598/949/960 1601/949/960 1600/949/960
f 1602/941/961 1600/949/961 1603/949/961 1605/941/961
f 1601/941/962 1602/941/962 1605/941/962 1604/941/962
f 1600/949/963 1601/949/963 1604/949/963 1603/949/963
f 1603/949/964 1606/949/964 1608/941/964
f 1604/941/965 1605/941/965 1608/941/965
f 1603/949/966 1604/949/966 1607/949/966 1606/949/966
f 1606/949/967 1609/949/967 1611/941/967
f 1607/941/968 1608/941/968 1611/941/968
f 1606/949/969 1607/949/969 1610/949/969 1609/949/969
f 1611/941/970 1609/949/970 1612/949/970 1614/941/970
f 1610/941/971 1611/941/971 1614/941/971 1613/941/971
f 1609/949/972 1610/949/972 1613/949/972 1612/949/972
f 1614/941/973 1612/949/973 1615/941/973
f 1613/941/974 1614/941/974 1615/941/974
f 1612/949/975 1613/949/975 1615/949/975
f 1608/941/976 1606/949/976 1611/941/976
f 1610/941/977 1607/941/977 1611/941/977
f 1605/941/978 1603/949/978 1608/941/978
f 1607/941/965 1604/941/965 1608/941/965
o gun
v 17.070862 7.004449 1.374498
v 17.259434 7.696324 1.345233
v 17.587437 6.863904 1.380340
v 17.776009 7.555779 1.351074
v 18.267759 7.047268 1.372465
v 18.362841 7.396118 1.357709
v 18.812235 7.026418 1.373244
v 18.875017 7.256769 1.363500
v 19.274786 7.077432 1.371002
v 19.337568 7.307783 1.361258
v 19.743919 6.725315 1.385790
v 19.863659 7.164647 1.367206
v 21.216515 6.324662 1.402440
v 21.336256 6.763994 1.383857
v 21.515793 6.483620 1.346391
v 21.556400 6.632606 1.340089
v 22.517120 6.211186 1.357713
v 22.557726 6.360172 1.351411
v 17.070827 6.996550 1.187500
v 17.259399 7.688424 1.158234
v 17.587400 6.856004 1.193340
v 17.775972 7.547879 1.164075
v 18.267725 7.039368 1.185466
v 18.362804 7.388217 1.170710
v 18.812199 7.018517 1.186245
v 18.874981 7.248869 1.176501
v 19.274752 7.069531 1.184003
v 19.337534 7.299882 1.174259
v 19.743883 6.717415 1.198791
v 19.863625 7.156747 1.180207
v 21.216480 6.316761 1.215441
v 21.336220 6.756094 1.196858
v 21.515778 6.479876 1.257771
v 21.556383 6.628861 1.251469
v 22.517103 6.207442 1.269093
v 22.557709 6.356428 1.262791
v 18.822620 8.380769 -0.441176
v 18.822620 8.380771 0.308109
v 19.572369 3.136480 -0.362729
v 19.572369 3.136480 0.569074
v 18.772703 3.136480 -0.362729
v 18.772703 3.136480 0.569074
v 18.933437 0.049921 -0.344210
v 18.933437 0.049921 0.328259
v 19.356730 0.049921 -0.344210
v 19.356730 0.049921 0.328259
v 18.814840 2.691880 0.553890
v 19.475327 2.691880 0.553890
v 18.814840 2.691880 -0.314410
v 19.475328 2.691880 -0.314410
v 19.289213 8.380770 0.379251
v 19.289213 8.380770 -0.577717
v 19.407404 8.380770 0.392926
v 19.445051 8.380770 -0.436646
v 18.824060 6.040246 -0.733103
v 18.824060 6.040246 0.574762
v 19.364628 6.040246 -0.803683
v 19.364628 6.040246 0.611537
v 18.773043 7.803166 0.393636
v 18.773043 7.803166 -0.526703
v 19.262812 7.803166 -0.663244
v 19.262812 7.803166 0.464778
v 20.877472 8.380770 -0.441176
v 20.877472 8.380769 0.308109
v 20.127726 3.136480 -0.362730
v 20.127726 3.136480 0.569073
v 20.927389 3.136480 -0.362730
v 20.927389 3.136480 0.569073
v 20.766653 0.049921 -0.344211
v 20.766653 0.049921 0.328258
v 20.343361 0.049921 -0.344211
v 20.343361 0.049921 0.328258
v 19.850046 6.040246 -0.865120
v 19.850046 8.380770 0.441176
v 19.850046 6.040246 0.643547
v 19.850046 8.380770 -0.696568
v 20.885250 2.691880 0.553889
v 20.224764 2.691881 0.553889
v 20.885250 2.691880 -0.314411
v 20.224764 2.691880 -0.314411
v 20.410879 8.380769 0.379251
v 20.410879 8.380771 -0.577717
v 19.850046 7.674148 0.524378
v 19.850046 7.915982 0.488569
v 20.292688 8.380770 0.392926
v 19.850046 8.380769 -0.586864
v 20.255039 8.380770 -0.436647
v 20.876032 6.040246 -0.733103
v 20.876032 6.040246 0.574762
v 20.335464 6.040246 -0.803683
v 20.335464 6.040246 0.611537
v 20.927048 7.803166 0.393636
v 20.927048 7.803166 -0.526703
v 19.850046 7.803166 -0.782095
v 19.850046 7.234770 0.589438
v 20.437279 7.803166 -0.663244
v 20.437279 7.803166 0.464778
v 18.524492 4.877835 -0.877935
v 18.524492 4.877835 0.725818
v 19.222895 4.877835 -0.964484
v 19.222895 4.877835 0.770912
v 19.850048 4.877835 -1.039820
v 19.850048 4.877835 0.810165
v 21.175604 4.877836 -0.877935
v 21.175604 4.877836 0.725818
v 20.477200 4.877836 -0.964484
v 20.477200 4.877835 0.770912
v 19.677849 4.168869 -0.426166
v 19.677849 4.168869 0.426166
v 18.807791 4.285643 -0.426166
v 18.807791 4.285642 0.426166
v 20.022247 4.168869 -0.426166
v 20.022247 4.168869 0.426166
v 20.892303 4.285643 -0.426166
v 20.892303 4.285642 0.426166
v 19.793133 4.379662 -0.650285
v 19.793133 4.587289 0.562551
v 18.644169 4.765378 -0.598231
v 18.644169 4.765378 0.565293
v 19.906963 4.379662 -0.650285
v 19.906963 4.587289 0.562551
v 21.055923 4.765378 -0.598231
v 21.055923 4.765378 0.565293
v 19.722181 5.544433 -0.679987
v 19.722181 5.544433 0.614047
v 18.644169 5.544433 -0.482190
v 18.644169 5.544432 0.421682
v 19.977913 5.544432 -0.679987
v 19.977911 5.544433 0.614047
v 21.055923 5.544433 -0.482190
v 21.055923 5.544432 0.421682
v 20.927589 1.370933 0.490198
v 20.927589 1.370933 -0.244858
v 20.333471 1.370933 0.490198
v 20.333471 1.370933 -0.244858
v 18.772533 1.370201 0.490130
v 18.772533 1.370201 -0.244858
v 19.366587 1.370201 0.490130
v 19.366587 1.370201 -0.244858
v 18.626339 5.589302 0.596635
v 18.626339 5.589302 -0.754075
v 20.429012 5.589302 0.634615
v 19.850046 5.589302 0.667674
v 19.271080 5.589302 -0.826967
v 19.850046 5.589302 -0.890417
v 20.429012 5.589301 -0.826968
v 19.271080 5.589302 0.634615
v 21.073753 5.589302 -0.754075
v 21.073753 5.589302 0.596635
v 20.911562 7.923520 -0.237985
v 21.362003 7.785888 -0.252318
v 20.901640 7.838148 0.269944
v 21.352079 7.700517 0.255612
v 21.662683 6.278745 1.491248
v 21.580154 5.785135 1.069191
v 21.285110 8.149813 -0.161556
v 21.276369 8.074603 0.285911
v 21.293890 6.191404 1.665509
v 20.862492 8.250126 0.307327
v 21.211361 5.697794 1.243452
v 20.871233 8.325336 -0.140140
v 21.702784 6.808787 0.940946
v 21.606922 6.235429 0.450701
v 21.014669 6.291585 0.500833
v 21.110529 6.864943 0.991079
v 21.532333 6.259487 0.580793
v 21.148708 6.270182 0.643299
v 21.604847 6.693200 0.951637
v 21.221222 6.703895 1.014142
v 21.620052 6.711145 0.949977
v 21.204037 6.728898 1.010561
v 21.543913 6.255752 0.560597
v 21.127899 6.273504 0.621181
v 21.068050 7.351724 0.408570
v 21.594389 7.307469 0.441255
v 21.585035 6.858068 -0.016614
v 21.058697 6.902323 -0.049299
v 19.599686 6.939559 1.580206
v 19.366455 6.480996 1.508332
v 18.475470 7.924826 -0.463990
v 18.437582 8.147865 -0.070573
v 19.736776 6.916919 1.279796
v 18.824911 8.361259 -0.154251
v 19.503544 6.458356 1.207921
v 18.862799 8.138218 -0.547668
v 18.733274 7.257242 1.191384
v 18.608164 6.585956 0.856736
v 19.080240 6.674715 0.502200
v 19.205351 7.346002 0.836848
v 18.741280 6.643670 0.901628
v 19.070444 6.683568 0.698533
v 18.835918 7.151461 1.154771
v 19.165085 7.191359 0.951676
v 18.819984 7.167884 1.160455
v 19.171335 7.215367 0.933849
v 18.720613 6.634709 0.894658
v 19.071966 6.682193 0.668052
v 18.877335 7.763311 -0.369092
v 18.449057 7.577526 -0.305008
v 18.834328 8.016490 0.077485
v 18.406050 7.830703 0.141569
v 18.362923 6.953266 0.427687
v 18.731274 7.064312 0.067224
v 18.836206 7.627332 0.347900
v 18.467857 7.516286 0.708363
v 19.707651 8.258842 0.144530
v 19.214170 8.824509 0.638010
v 19.707651 8.258843 -0.144530
v 19.340691 8.824510 -0.638009
v 19.996710 8.258843 0.144530
v 20.490191 8.824509 0.638010
v 19.996710 8.258842 -0.144530
v 20.363670 8.824509 -0.638009
v 19.423256 10.032722 0.428925
v 19.423256 10.032722 -0.428925
v 20.281105 10.032722 -0.428925
v 20.281105 10.032722 0.428925
v 19.340691 9.541701 -0.638009
v 20.363670 9.541701 -0.638009
v 20.490191 9.541700 0.638010
v 19.214170 9.541701 0.638009
v 19.853140 9.986058 0.080892
v 19.939629 9.986057 -0.376794
v 20.292751 9.986057 -0.073050
v 19.952076 10.678346 -0.288051
v 19.906845 9.983374 0.328931
v 19.963186 9.983373 0.030780
v 20.193222 9.983373 0.228648
v 19.994751 10.434999 0.336801
v 19.609982 9.926396 0.199922
v 19.696470 9.926397 -0.257764
v 20.049593 9.926396 0.045981
v 19.497932 10.430078 -0.030755
v 20.099798 9.352929 0.804786
v 20.040974 9.496668 0.663214
v 20.035608 9.509779 0.525671
v 20.221540 9.323156 0.804786
v 20.340065 9.423520 0.663214
v 20.350876 9.432673 0.525671
v 20.230843 9.198173 0.804786
v 20.362921 9.116464 0.663214
v 20.374968 9.109010 0.525671
v 20.140179 9.254263 0.837581
v 20.114851 9.150703 0.804786
v 20.077955 8.999841 0.663214
v 20.074589 8.986080 0.525671
v 20.033861 9.246348 0.804786
v 19.878981 9.234819 0.663214
v 19.864853 9.233768 0.525671
v 20.046707 9.482660 0.690351
v 20.328514 9.413739 0.690351
v 20.350048 9.124427 0.690351
v 20.081551 9.014544 0.690351
v 19.894075 9.235944 0.690351
v 19.550056 9.103547 0.769637
v 19.475117 9.183900 0.669479
v 19.468281 9.191230 0.572171
v 19.638062 9.114359 0.769637
v 19.691324 9.210461 0.669479
v 19.696184 9.219227 0.572171
v 19.675539 9.034002 0.769637
v 19.783398 9.013042 0.669479
v 19.793236 9.011131 0.572171
v 19.601500 9.048388 0.792838
v 19.610697 8.973528 0.769637
v 19.624094 8.864471 0.669479
v 19.625315 8.854523 0.572171
v 19.533144 9.016509 0.769637
v 19.433565 8.970066 0.669479
v 19.424482 8.965831 0.572171
v 19.482420 9.176069 0.688677
v 19.686134 9.201097 0.688677
v 19.772886 9.015086 0.688677
v 19.622787 8.875099 0.688677
v 19.443270 8.974593 0.688677
v 19.641830 9.439486 0.754851
v 19.587353 9.497898 0.682041
v 19.582382 9.503226 0.611304
v 19.705805 9.447345 0.754851
v 19.744524 9.517205 0.682041
v 19.748056 9.523579 0.611304
v 19.733047 9.388930 0.754851
v 19.811455 9.373693 0.682041
v 19.818607 9.372305 0.611304
v 19.679226 9.399388 0.771717
v 19.685911 9.344968 0.754851
v 19.695650 9.265691 0.682041
v 19.696539 9.258459 0.611304
v 19.629536 9.376213 0.754851
v 19.557146 9.342453 0.682041
v 19.550543 9.339374 0.611304
v 19.592661 9.492206 0.695998
v 19.740751 9.510397 0.695998
v 19.803814 9.375178 0.695997
v 19.694700 9.273416 0.695998
v 19.564201 9.345742 0.695998
v 20.091978 9.372040 0.787930
v 20.237297 9.336498 0.787930
v 20.248402 9.187310 0.787930
v 20.109947 9.130648 0.787930
v 20.013271 9.244817 0.787930
v 19.636776 9.444904 0.748801
v 19.709396 9.453826 0.748801
v 19.740322 9.387516 0.748801
v 19.686815 9.337613 0.748801
v 19.622820 9.373081 0.748801
v 19.542187 9.111985 0.760217
v 19.643656 9.124450 0.760217
v 19.686865 9.031800 0.760217
v 19.612103 8.962075 0.760217
v 19.522688 9.011631 0.760217
vn -0.9649 0.2625 -0.0109
vn 0.0002 0.0422 0.9991
vn 0.2627 0.9640 -0.0408
vn -0.2627 -0.9640 0.0408
vn -0.0383 -0.9984 0.0422
vn 0.1097 -0.9931 0.0419
vn -0.1097 0.9931 -0.0419
vn 0.1892 -0.0100 0.9819
vn 0.4742 -0.8797 0.0371
vn 0.5068 0.8613 -0.0365
vn 0.9649 -0.2625 0.0109
vn -0.6006 -0.7988 0.0339
vn 0.2605 -0.9646 0.0407
vn -0.0002 -0.0422 -0.9991
vn 0.1889 -0.0928 -0.9776
vn -0.0000 1.0000 -0.0000
vn -0.1454 0.1543 0.9773
vn -0.9963 0.0855 -0.0000
vn -0.0000 -1.0000 -0.0000
vn -0.0000 -0.1217 0.9926
vn -0.9927 -0.1210 -0.0000
vn 1.0000 -0.0075 -0.0000
vn -0.0000 0.0750 -0.9972
vn -0.2005 0.1480 -0.9684
vn -0.0000 -0.1080 -0.9941
vn 0.9770 -0.2132 -0.0000
vn -0.9955 -0.0943 -0.0000
vn -0.0000 -0.0341 0.9994
vn -0.2711 0.1584 -0.9494
vn -0.0677 0.1479 0.9867
vn -0.0837 0.1313 0.9878
vn -0.1078 0.1008 0.9890
vn -0.1112 0.0635 0.9918
vn -0.1963 0.0876 -0.9766
vn -0.1655 0.0576 -0.9845
vn -0.9996 -0.0289 -0.0000
vn -0.1038 0.0876 0.9907
vn 0.1454 0.1543 0.9773
vn 0.9963 0.0855 -0.0000
vn 0.9927 -0.1209 -0.0000
vn -1.0000 -0.0075 -0.0000
vn 0.2005 0.1480 -0.9685
vn -0.9770 -0.2132 -0.0000
vn 0.9955 -0.0944 -0.0000
vn 0.2711 0.1584 -0.9494
vn 0.0677 0.1479 0.9867
vn 0.0837 0.1313 0.9878
vn 0.1078 0.1009 0.9890
vn 0.1112 0.0635 0.9918
vn 0.1963 0.0876 -0.9766
vn 0.1655 0.0576 -0.9845
vn 0.9996 -0.0289 -0.0000
vn 0.1038 0.0876 0.9907
vn -0.9899 0.1417 -0.0000
vn 0.0587 0.1939 0.9793
vn -0.1157 0.1912 -0.9747
vn -0.1120 0.2001 -0.9734
vn 0.1120 0.2001 -0.9734
vn -0.0587 0.1939 0.9793
vn -0.0606 0.1892 0.9801
vn 0.9899 0.1417 -0.0000
vn 0.0606 0.1892 0.9801
vn 0.1157 0.1912 -0.9747
vn -0.9948 -0.1016 -0.0000
vn 0.0040 -0.0578 -0.9983
vn 0.0090 0.1293 0.9916
vn -0.9995 0.0305 -0.0000
vn -0.0090 0.1293 0.9916
vn 0.9995 0.0305 -0.0000
vn 0.9948 -0.1016 -0.0000
vn -0.0040 -0.0578 -0.9983
vn 0.1464 -0.5000 -0.8536
vn 0.9399 -0.3397 0.0341
vn -0.1464 -0.5000 -0.8536
vn 0.0418 -0.2951 0.9546
vn 0.9465 -0.3228 -0.0000
vn -0.0418 -0.2951 0.9546
vn -0.9465 -0.3228 -0.0000
vn -0.9399 -0.3397 0.0341
vn -0.0000 -0.9857 0.1687
vn -1.0000 -0.0000 -0.0000
vn -0.0000 -0.0537 0.9986
vn 0.1045 0.0403 -0.9937
vn -0.1045 0.0403 -0.9937
vn -0.0000 -0.0255 -0.9997
vn 0.1728 0.1786 0.9686
vn 1.0000 -0.0000 -0.0000
vn -0.0060 -0.0542 0.9985
vn -0.0000 -0.0526 -0.9986
vn -0.9966 -0.0820 -0.0000
vn 0.9995 0.0320 -0.0000
vn -0.0000 -0.0482 0.9988
vn 0.9966 -0.0820 -0.0000
vn -0.9995 0.0320 -0.0000
vn 0.1197 0.0872 -0.9890
vn 0.0628 0.0699 0.9956
vn 0.9158 0.4016 -0.0000
vn -0.0628 0.0699 0.9956
vn -0.0609 0.0585 0.9964
vn 0.1163 0.0654 -0.9911
vn -0.1163 0.0654 -0.9911
vn -0.1197 0.0872 -0.9890
vn 0.0609 0.0585 0.9964
vn -0.9158 0.4016 -0.0000
vn 0.0060 -0.0542 0.9985
vn -0.1728 0.1786 0.9686
vn -0.0689 -0.6341 -0.7702
vn 0.0491 0.2459 -0.9680
vn -0.9796 -0.1884 0.0704
vn 0.0507 0.3662 0.9292
vn -0.1402 -0.7208 -0.6789
vn 0.4500 -0.6226 0.6402
vn 0.3924 0.9058 0.1599
vn -0.9952 -0.0914 -0.0348
vn 0.0107 -0.0842 0.9964
vn 0.6860 -0.5357 0.4924
vn 0.1174 0.1256 0.9851
vn 0.9796 0.1941 0.0518
vn -0.6981 -0.3943 0.5976
vn -0.9887 0.0424 0.1437
vn 0.1093 0.7902 0.6030
vn 0.9890 -0.0451 -0.1406
vn -0.0329 -0.9993 0.0169
vn -0.0703 -0.9972 0.0251
vn 0.1553 0.1267 0.9797
vn 0.9479 0.2983 -0.1119
vn 0.9925 0.0105 -0.1215
vn 0.0770 0.7425 0.6654
vn -0.9972 0.0547 0.0516
vn -0.0220 -0.2167 -0.9760
vn -0.1621 -0.9696 -0.1833
vn 0.7917 -0.4648 0.3963
vn -0.5024 0.7305 -0.4625
vn 0.9961 0.0664 0.0583
vn -0.1229 0.5556 0.8223
vn -0.1182 -0.4253 0.8973
vn 0.4986 0.3567 0.7901
vn -0.9936 0.0252 -0.1100
vn 0.9758 -0.2109 0.0582
vn 0.6500 0.0348 -0.7591
vn 0.2149 0.9488 0.2315
vn -0.6059 -0.0612 0.7932
vn 0.2204 -0.9633 0.1532
vn 0.2536 -0.9579 0.1347
vn 0.4661 0.3550 0.8104
vn 0.0434 -0.4236 -0.9048
vn 0.9935 -0.1079 0.0365
vn 0.0554 0.7665 0.6399
vn -0.9982 0.0562 0.0219
vn -0.2586 -0.8078 -0.5297
vn -0.1642 -0.6367 -0.7534
vn -0.8883 -0.0614 0.4552
vn 0.1363 0.9010 0.4119
vn 0.8246 0.1217 -0.5525
vn -0.7943 -0.6041 -0.0642
vn -0.0000 -0.6574 -0.7536
vn 0.7943 -0.6041 -0.0642
vn -0.0000 -0.6574 0.7536
vn -0.0000 0.3918 -0.9201
vn 0.9571 0.2842 -0.0567
vn -0.9571 0.2842 -0.0567
vn -0.0000 0.3918 0.9201
vn -0.0000 -0.0000 1.0000
vn -0.9951 -0.0000 -0.0987
vn 0.9951 -0.0000 -0.0987
vn -0.0000 -0.0000 -1.0000
vn -0.9818 0.0414 -0.1855
vn 0.6497 0.0851 -0.7554
vn 0.3007 0.4147 0.8588
vn -0.9645 0.1909 -0.1823
vn 0.5906 0.4240 -0.6866
vn 0.3294 -0.0805 0.9407
vn -0.9402 -0.2905 -0.1777
vn 0.5595 0.5137 -0.6504
vn 0.2949 0.4513 0.8422
vn 0.2367 0.9680 0.0830
vn 0.0844 0.3452 0.9347
vn 0.1687 0.6900 0.7039
vn 0.3544 0.0264 0.9347
vn 0.7083 0.0527 0.7039
vn 0.9938 0.0740 0.0830
vn 0.3775 -0.9223 0.0830
vn 0.1346 -0.3289 0.9347
vn 0.2690 -0.6574 0.7039
vn -0.7605 -0.6440 0.0830
vn -0.2712 -0.2297 0.9347
vn -0.5421 -0.4590 0.7039
vn -0.8475 0.5243 0.0830
vn -0.3022 0.1870 0.9347
vn -0.6040 0.3737 0.7039
vn -0.7752 0.4796 0.4113
vn -0.6956 -0.5890 0.4113
vn 0.3452 -0.8436 0.4113
vn 0.9090 0.0677 0.4113
vn 0.2165 0.8854 0.4113
vn -0.1215 0.9891 0.0830
vn -0.0433 0.3528 0.9347
vn -0.0866 0.7050 0.7039
vn 0.3221 0.1502 0.9347
vn 0.6437 0.3002 0.7039
vn 0.9032 0.4212 0.0830
vn 0.6797 -0.7288 0.0830
vn 0.2424 -0.2599 0.9347
vn 0.4844 -0.5194 0.7039
vn -0.4831 -0.8716 0.0830
vn -0.1723 -0.3109 0.9347
vn -0.3443 -0.6213 0.7039
vn -0.9782 0.1901 0.0830
vn -0.3489 0.0678 0.9347
vn -0.6973 0.1355 0.7039
vn -0.8948 0.1739 0.4113
vn -0.4419 -0.7972 0.4113
vn 0.6217 -0.6666 0.4113
vn 0.8261 0.3853 0.4113
vn -0.1111 0.9047 0.4113
vn -0.0433 0.3527 0.9347
vn 0.4845 -0.5195 0.7039
vn -0.4419 -0.7973 0.4113
vn -0.6041 0.3737 0.7039
vt 0.375000 0.000000
vt 0.625000 0.000000
vt 0.375000 0.750000
vt 0.625000 0.750000
vt 0.625000 1.000000
vt 0.375000 1.000000
vt 0.125000 0.750000
vt 0.875000 0.750000
vt 0.808171 0.500000
vt 0.875000 0.500000
vt 0.808171 0.750000
vt 0.600987 0.933171
vt 0.625000 0.933171
vt 0.600987 1.000000
vt 0.600987 0.000000
vt 0.625000 0.250000
vt 0.600987 0.250000
vt 0.125000 0.500000
vt 0.375000 0.500000
vt 0.375000 0.750000
vt 0.125000 0.750000
vt 0.600987 0.316829
vt 0.625000 0.316829
vt 0.625000 0.375000
vt 0.600987 0.375000
vt 0.125000 0.750000
vt 0.546905 0.875000
vt 0.565172 0.875000
vt 0.750000 0.500000
vt 0.791233 0.542762
vt 0.750000 0.524106
vt 0.575226 0.875000
vt 0.625000 0.920325
vt 0.625000 0.875000
vt 0.795325 0.750000
vt 0.750000 0.750000
vt 0.375000 0.875000
vt 0.375000 0.933171
vt 0.375000 0.250000
vt 0.375000 0.316829
vt 0.375000 0.375000
vt 0.125000 0.750000
vt 0.125000 0.750000
vt 0.191829 0.750000
vt 0.250000 0.750000
vt 0.191829 0.750000
vt 0.191829 0.500000
vt 0.191829 0.500000
vt 0.250000 0.500000
vt 0.548435 0.250000
vt 0.548435 0.250000
vt 0.500000 0.250000
vt 0.600000 0.250000
vt 0.548435 0.000000
vt 0.600000 0.000000
vt 0.548435 0.000000
vt 0.473884 0.250000
vt 0.477938 0.000000
vt 0.477938 0.250000
vt 0.500000 0.000000
vt 0.477938 0.000000
vt 0.500000 0.000000
vt 0.473883 0.000000
vt 0.473884 0.000000
vt 0.600000 0.000000
vt 0.550000 0.000000
vt 0.550000 0.250000
vt 0.550000 0.000000
vt 0.550000 0.250000
vt 0.625000 0.500000
vt 0.250000 0.490000
vt 0.250000 0.250000
vt 0.457846 0.130000
vt 0.750000 0.490000
vt 0.957846 0.130000
vt 0.542154 0.130000
vt 0.042154 0.130000
vt 0.600000 0.500000
vt 0.400000 0.500000
vt 0.400000 0.250000
vt 0.600000 0.750000
vt 0.500000 1.000000
vt 0.400000 0.750000
vt 0.600000 0.720441
vt 0.400000 0.720441
vt 0.300000 1.000000
vt 0.200000 0.750000
vt 0.200000 0.720441
vt 0.200000 0.500000
vt 0.200000 0.250000
vt 0.000000 0.500000
vt 0.000000 0.250000
vt 0.100000 1.000000
vt 0.000000 0.750000
vt 0.000000 0.720441
vt 1.000000 0.250000
vt 1.000000 0.500000
vt 0.800000 0.500000
vt 0.800000 0.250000
vt 1.000000 0.750000
vt 0.900000 1.000000
vt 0.800000 0.750000
vt 1.000000 0.720441
vt 0.800000 0.720441
vt 0.700000 1.000000
vt 0.800000 0.549324
vt 0.600000 0.549324
vt 1.000000 0.549324
vt 0.200000 0.549324
vt 0.000000 0.549324
vt 0.400000 0.549324
vt 0.600000 0.726651
vt 0.400000 0.726651
vt 0.200000 0.726651
vt 0.000000 0.726651
vt 1.000000 0.726651
vt 0.800000 0.726651
vt 0.600000 0.729372
vt 0.400000 0.729372
vt 0.200000 0.729372
vt 0.000000 0.729372
vt 1.000000 0.729372
vt 0.800000 0.729372
s 0
usemtl vertex_colors
f 1634/998/979 1616/998/979 1617/999/979 1635/999/979
f 1618/1000/980 1619/1001/980 1617/1002/980 1616/1003/980
f 1621/1001/981 1639/1001/981 1637/1001/981 1619/1001/981
f 1616/1004/982 1634/1004/982 1636/1000/982 1618/1000/982
f 1619/1001/981 1637/1001/981 1635/1005/981 1617/1005/981
f 1619/1001/980 1618/1000/980 1620/1000/980 1621/1001/980
f 1623/1001/980 1622/1000/980 1624/1000/980 1625/1001/980
f 1621/1001/980 1620/1000/980 1622/1000/980 1623/1001/980
f 1638/1000/983 1640/1000/983 1622/1000/983 1620/1000/983
f 1640/1000/984 1642/1000/984 1624/1000/984 1622/1000/984
f 1625/1001/985 1643/1001/985 1641/1001/985 1623/1001/985
f 1625/1001/980 1624/1000/980 1626/1000/980 1627/1001/980
f 1629/1001/986 1628/1000/986 1630/1000/986 1631/1001/986
f 1627/1001/980 1626/1000/980 1628/1000/980 1629/1001/980
f 1644/1000/982 1646/1000/982 1628/1000/982 1626/1000/982
f 1646/1000/987 1648/1000/987 1630/1000/987 1628/1000/987
f 1631/1001/988 1649/1001/988 1647/1001/988 1629/1001/988
f 1631/1001/980 1630/1000/980 1632/1000/980 1633/1001/980
f 1632/1000/989 1650/1000/989 1651/1001/989 1633/1001/989
f 1633/1001/981 1651/1001/981 1649/1001/981 1631/1001/981
f 1642/1000/990 1644/1000/990 1626/1000/990 1624/1000/990
f 1629/1001/981 1647/1001/981 1645/1001/981 1627/1001/981
f 1627/1001/981 1645/1001/981 1643/1001/981 1625/1001/981
f 1636/1000/991 1638/1000/991 1620/1000/991 1618/1000/991
f 1623/1001/981 1641/1001/981 1639/1001/981 1621/1001/981
f 1636/1000/992 1634/1003/992 1635/1002/992 1637/1001/992
f 1637/1001/992 1639/1001/992 1638/1000/992 1636/1000/992
f 1641/1001/992 1643/1001/992 1642/1000/992 1640/1000/992
f 1639/1001/992 1641/1001/992 1640/1000/992 1638/1000/992
f 1643/1001/992 1645/1001/992 1644/1000/992 1642/1000/992
f 1647/1001/993 1649/1001/993 1648/1000/993 1646/1000/993
f 1645/1001/992 1647/1001/992 1646/1000/992 1644/1000/992
f 1649/1001/992 1651/1001/992 1650/1000/992 1648/1000/992
f 1648/1000/982 1650/1000/982 1632/1000/982 1630/1000/982
f 1667/1006/994 1652/1007/994 1653/1005/994 1666/1008/994
f 1677/1009/995 1666/1010/995 1653/1002/995 1674/1011/995
f 1674/1012/996 1653/999/996 1652/1013/996 1675/1014/996
f 1658/1015/997 1660/1016/997 1661/1000/997 1659/1004/997
f 1753/1017/998 1751/1018/998 1659/1004/998 1661/1000/998
f 1751/1018/999 1752/1015/999 1658/1015/999 1659/1004/999
f 1754/1016/1000 1753/1017/1000 1661/1000/1000 1660/1016/1000
f 1752/1015/1001 1754/1016/1001 1660/1016/1001 1658/1015/1001
f 1676/1019/1002 1667/1020/1002 1691/1021/1002 1709/1022/1002
f 1656/1015/1003 1654/1016/1003 1665/1016/1003 1664/1015/1003
f 1654/1016/1004 1655/1000/1004 1663/1000/1004 1665/1016/1004
f 1657/1004/1005 1656/1015/1005 1664/1015/1005 1662/1023/1005
f 1655/1000/1006 1657/1004/1006 1662/1023/1006 1663/1000/1006
f 1675/1014/1007 1652/1013/1007 1667/1020/1007 1676/1019/1007
f 1710/1024/1008 1698/1025/1008 1666/1010/1008 1677/1009/1008
f 1691/1026/994 1667/1006/994 1669/1027/994 1701/1028/994
f 1666/1010/1009 1698/1025/1009 1699/1029/1009 1668/1030/1009
f 1668/1030/1010 1699/1029/1010 1689/1031/1010
f 1701/1028/994 1669/1027/994 1668/1032/994 1689/1033/994
f 1669/1027/994 1667/1006/994 1666/1008/994 1668/1032/994
f 1690/1034/1011 1710/1024/1011 1677/1009/1011 1673/1035/1011
f 1670/1036/1012 1675/1014/1012 1676/1019/1012 1672/1037/1012
f 1672/1037/1013 1676/1019/1013 1709/1022/1013 1688/1038/1013
f 1671/998/1014 1674/1012/1014 1675/1014/1014 1670/1036/1014
f 1673/1035/1015 1677/1009/1015 1674/1011/1015 1671/1003/1015
f 1697/1006/994 1696/1008/994 1679/1005/994 1678/1007/994
f 1712/1009/1016 1707/1011/1016 1679/1002/1016 1696/1010/1016
f 1707/1012/1017 1708/1014/1017 1678/1013/1017 1679/999/1017
f 1684/1015/997 1685/1004/997 1687/1000/997 1686/1016/997
f 1749/1000/998 1687/1000/998 1685/1004/998 1747/1039/998
f 1747/1039/1018 1685/1004/1018 1684/1015/1018 1748/1015/1018
f 1750/1016/1019 1686/1016/1019 1687/1000/1019 1749/1000/1019
f 1748/1015/1001 1684/1015/1001 1686/1016/1001 1750/1016/1001
f 1711/1019/1020 1709/1022/1020 1691/1021/1020 1697/1020/1020
f 1682/1015/1003 1694/1015/1003 1695/1016/1003 1680/1016/1003
f 1680/1016/1021 1695/1016/1021 1693/1000/1021 1681/1000/1021
f 1683/1004/1022 1692/1023/1022 1694/1015/1022 1682/1015/1022
f 1681/1000/1006 1693/1000/1006 1692/1023/1006 1683/1004/1006
f 1708/1014/1023 1711/1019/1023 1697/1020/1023 1678/1013/1023
f 1710/1024/1024 1712/1009/1024 1696/1010/1024 1698/1025/1024
f 1691/1026/994 1701/1028/994 1702/1027/994 1697/1006/994
f 1696/1010/1025 1700/1030/1025 1699/1029/1025 1698/1025/1025
f 1700/1030/1026 1689/1031/1026 1699/1029/1026
f 1701/1028/994 1689/1033/994 1700/1032/994 1702/1027/994
f 1702/1027/994 1700/1032/994 1696/1008/994 1697/1006/994
f 1690/1034/1027 1706/1035/1027 1712/1009/1027 1710/1024/1027
f 1703/1036/1028 1705/1037/1028 1711/1019/1028 1708/1014/1028
f 1705/1037/1029 1688/1038/1029 1709/1022/1029 1711/1019/1029
f 1704/998/1030 1703/1036/1030 1708/1014/1030 1707/1012/1030
f 1706/1035/1031 1704/1003/1031 1707/1011/1031 1712/1009/1031
f 1755/1040/1032 1756/1015/1032 1713/1015/1032 1714/1004/1032
f 1757/1041/1033 1758/1042/1033 1718/1042/1033 1722/1043/1033
f 1756/1015/1034 1759/1044/1034 1715/1045/1034 1713/1015/1034
f 1759/1044/1035 1760/1046/1035 1717/1046/1035 1715/1045/1035
f 1760/1046/1036 1761/1045/1036 1721/1045/1036 1717/1046/1036
f 1758/1042/1037 1762/1043/1037 1716/1043/1037 1718/1042/1037
f 1762/1043/1038 1755/1040/1038 1714/1004/1038 1716/1043/1038
f 1763/1015/1039 1764/1004/1039 1720/1004/1039 1719/1015/1039
f 1764/1004/1040 1757/1041/1040 1722/1043/1040 1720/1004/1040
f 1761/1045/1041 1763/1015/1041 1719/1015/1041 1721/1045/1041
f 1714/1004/997 1713/1015/997 1715/1045/997 1717/1046/997 1721/1045/997 1719/1015/997 1720/1004/997 1722/1043/997 1718/1042/997 1716/1043/997
f 1680/1016/1042 1681/1000/1042 1728/1000/1042 1727/1016/1042
f 1682/1015/1043 1680/1016/1043 1727/1016/1043 1729/1015/1043
f 1657/1004/1044 1655/1000/1044 1724/1000/1044 1726/1004/1044
f 1656/1015/1045 1657/1004/1045 1726/1004/1045 1725/1015/1045
f 1681/1000/1046 1683/1004/1046 1730/1004/1046 1728/1000/1046
f 1683/1004/1047 1682/1015/1047 1729/1015/1047 1730/1004/1047
f 1655/1000/1048 1654/1016/1048 1723/1016/1048 1724/1000/1048
f 1654/1016/1049 1656/1015/1049 1725/1015/1049 1723/1016/1049
f 1729/1015/1050 1727/1016/1050 1735/1016/1050 1737/1015/1050
f 1724/1000/1051 1723/1016/1051 1731/1016/1051 1732/1000/1051
f 1723/1016/1052 1725/1015/1052 1733/1015/1052 1731/1016/1052
f 1728/1000/1053 1730/1004/1053 1738/1004/1053 1736/1000/1053
f 1730/1004/1054 1729/1015/1054 1737/1015/1054 1738/1004/1054
f 1726/1004/1055 1724/1000/1055 1732/1000/1055 1734/1004/1055
f 1725/1015/1056 1726/1004/1056 1734/1004/1056 1733/1015/1056
f 1727/1016/1057 1728/1000/1057 1736/1000/1057 1735/1016/1057
f 1731/1016/1058 1735/1016/1058 1736/1000/1058 1732/1000/1058
f 1733/1015/1059 1734/1004/1059 1742/1004/1059 1741/1015/1059
f 1732/1000/1060 1736/1000/1060 1744/1000/1060 1740/1000/1060
f 1737/1015/1061 1735/1016/1061 1743/1016/1061 1745/1015/1061
f 1731/1016/1062 1733/1015/1062 1741/1015/1062 1739/1016/1062
f 1735/1016/1063 1731/1016/1063 1739/1016/1063 1743/1016/1063
f 1738/1004/1064 1746/1004/1064 1744/1000/1064
f 1738/1004/1065 1737/1015/1065 1745/1015/1065 1746/1004/1065
f 1734/1004/1066 1732/1000/1066 1740/1000/1066
f 1694/1015/1067 1748/1015/1067 1750/1016/1067 1695/1016/1067
f 1695/1016/1068 1750/1016/1068 1749/1000/1068 1693/1000/1068
f 1692/1023/1069 1747/1039/1069 1748/1015/1069 1694/1015/1069
f 1693/1000/1070 1749/1000/1070 1747/1039/1070 1692/1023/1070
f 1664/1015/1067 1665/1016/1067 1754/1016/1067 1752/1015/1067
f 1665/1016/1071 1663/1000/1071 1753/1017/1071 1754/1016/1071
f 1662/1023/1072 1664/1015/1072 1752/1015/1072 1751/1018/1072
f 1663/1000/1070 1662/1023/1070 1751/1018/1070 1753/1017/1070
f 1705/1045/1073 1703/1015/1073 1763/1015/1073 1761/1045/1073
f 1704/1004/1074 1706/1043/1074 1757/1041/1074 1764/1004/1074
f 1703/1015/1075 1704/1004/1075 1764/1004/1075 1763/1015/1075
f 1673/1043/1076 1671/1004/1076 1755/1040/1076 1762/1043/1076
f 1690/1042/1077 1673/1043/1077 1762/1043/1077 1758/1042/1077
f 1688/1046/1078 1705/1045/1078 1761/1045/1078 1760/1046/1078
f 1672/1045/1079 1688/1046/1079 1760/1046/1079 1759/1044/1079
f 1670/1015/1080 1672/1045/1080 1759/1044/1080 1756/1015/1080
f 1706/1043/1081 1690/1042/1081 1758/1042/1081 1757/1041/1081
f 1671/1004/1082 1670/1015/1082 1756/1015/1082 1755/1040/1082
f 1736/1000/1083 1738/1004/1083 1744/1000/1083
f 1742/1004/1084 1734/1004/1084 1740/1000/1084
f 1792/1047/1085 1791/1048/1085 1778/1049/1085 1779/1049/1085
f 1776/1013/1086 1771/1013/1086 1766/1050/1086 1765/1050/1086
f 1789/1051/1087 1767/1052/1087 1765/1050/1087 1792/1047/1087
f 1789/1051/1088 1790/1053/1088 1768/1052/1088 1767/1052/1088
f 1782/1054/1089 1781/1054/1089 1770/1036/1089 1775/1036/1089
f 1775/1036/1090 1770/1036/1090 1769/998/1090 1773/998/1090
f 1774/999/1091 1772/999/1091 1771/1013/1091 1776/1013/1091
f 1767/1052/1092 1774/999/1092 1776/1013/1092 1765/1050/1092
f 1767/1052/1093 1768/1052/1093 1772/999/1093 1774/999/1093
f 1785/1055/1094 1787/1056/1094 1778/1049/1094 1777/1057/1094
f 1786/1058/1095 1785/1055/1095 1777/1057/1095 1780/1059/1095
f 1768/1052/1096 1766/1050/1096 1771/1013/1096 1772/999/1096
f 1786/1058/1097 1780/1059/1097 1779/1049/1097 1788/1056/1097
f 1773/998/1098 1784/1060/1098 1782/1054/1098 1775/1036/1098
f 1773/998/1099 1769/998/1099 1783/1061/1099 1784/1060/1099
f 1769/998/1100 1770/1036/1100 1781/1054/1100 1783/1061/1100
f 1788/1056/1101 1787/1056/1101 1781/1054/1101 1782/1054/1101
f 1779/1049/1102 1778/1049/1102 1787/1056/1102 1788/1056/1102
f 1784/1060/1097 1786/1058/1097 1788/1056/1097 1782/1054/1097
f 1784/1060/1103 1783/1061/1103 1785/1055/1103 1786/1058/1103
f 1783/1061/1094 1781/1054/1094 1787/1056/1094 1785/1055/1094
f 1790/1053/1104 1791/1048/1104 1766/1050/1104 1768/1052/1104
f 1777/1057/1105 1778/1049/1105 1791/1048/1105 1790/1053/1105
f 1780/1059/1106 1777/1057/1106 1790/1053/1106 1789/1051/1106
f 1780/1059/1107 1789/1051/1107 1792/1047/1107 1779/1049/1107
f 1765/1050/1108 1766/1050/1108 1791/1048/1108 1792/1047/1108
f 1806/1054/1109 1799/1036/1109 1794/1036/1109 1805/1054/1109
f 1799/1036/1110 1797/998/1110 1793/998/1110 1794/1036/1110
f 1798/999/1111 1800/1013/1111 1795/1013/1111 1796/999/1111
f 1815/1052/1112 1813/1050/1112 1800/1013/1112 1798/999/1112
f 1815/1052/1113 1798/999/1113 1796/999/1113 1816/1062/1113
f 1809/1055/1114 1801/1057/1114 1802/1049/1114 1811/1056/1114
f 1810/1058/1115 1804/1059/1115 1801/1057/1115 1809/1055/1115
f 1816/1062/1116 1796/999/1116 1795/1013/1116 1814/1050/1116
f 1810/1058/1117 1812/1056/1117 1803/1049/1117 1804/1059/1117
f 1797/998/1118 1799/1036/1118 1806/1054/1118 1808/1060/1118
f 1797/998/1119 1808/1060/1119 1807/1061/1119 1793/998/1119
f 1793/998/1120 1807/1061/1120 1805/1054/1120 1794/1036/1120
f 1812/1056/1121 1806/1054/1121 1805/1054/1121 1811/1056/1121
f 1803/1049/1122 1812/1056/1122 1811/1056/1122 1802/1049/1122
f 1808/1060/1117 1806/1054/1117 1812/1056/1117 1810/1058/1117
f 1808/1060/1123 1810/1058/1123 1809/1055/1123 1807/1061/1123
f 1807/1061/1114 1809/1055/1114 1811/1056/1114 1805/1054/1114
f 1800/1013/1124 1813/1050/1124 1814/1050/1124 1795/1013/1124
f 1819/1063/1125 1818/1064/1125 1813/1050/1125 1815/1052/1125
f 1819/1063/1126 1815/1052/1126 1816/1062/1126 1820/1065/1126
f 1820/1065/1127 1816/1062/1127 1814/1050/1127 1817/1066/1127
f 1818/1064/1128 1803/1049/1128 1802/1049/1128 1817/1066/1128
f 1813/1050/1129 1818/1064/1129 1817/1066/1129 1814/1050/1129
f 1801/1057/1130 1820/1065/1130 1817/1066/1130 1802/1049/1130
f 1804/1059/1131 1819/1063/1131 1820/1065/1131 1801/1057/1131
f 1804/1059/1132 1803/1049/1132 1818/1064/1132 1819/1063/1132
f 1821/998/1133 1822/999/1133 1824/1013/1133 1823/1036/1133
f 1823/1036/1134 1824/1013/1134 1828/1067/1134 1827/1016/1134
f 1827/1016/1135 1828/1067/1135 1826/1001/1135 1825/1000/1135
f 1825/1000/1136 1826/1001/1136 1822/1002/1136 1821/1003/1136
f 1823/1015/997 1827/1016/997 1825/1000/997 1821/1004/997
f 1834/1067/1137 1833/1013/1137 1830/1013/1137 1831/1067/1137
f 1831/1067/994 1830/1007/994 1829/1005/994 1832/1001/994
f 1835/1001/1138 1834/1067/1138 1831/1067/1138 1832/1001/1138
f 1833/1013/1139 1836/999/1139 1829/999/1139 1830/1013/1139
f 1836/1002/1140 1835/1001/1140 1832/1001/1140 1829/1002/1140
f 1822/1002/1141 1826/1001/1141 1835/1001/1141 1836/1002/1141
f 1824/1013/1142 1822/999/1142 1836/999/1142 1833/1013/1142
f 1826/1001/1143 1828/1067/1143 1834/1067/1143 1835/1001/1143
f 1828/1067/1144 1824/1013/1144 1833/1013/1144 1834/1067/1144
f 1837/1068/1145 1840/1069/1145 1838/1070/1145
f 1837/1071/997 1838/1072/997 1839/1073/997
f 1838/1070/1146 1840/1069/1146 1839/1074/1146
f 1839/1074/1147 1840/1069/1147 1837/1068/1147
f 1841/1068/1148 1844/1069/1148 1842/1070/1148
f 1841/1071/997 1842/1072/997 1843/1073/997
f 1842/1070/1149 1844/1069/1149 1843/1074/1149
f 1843/1074/1150 1844/1069/1150 1841/1068/1150
f 1845/1068/1151 1848/1069/1151 1846/1070/1151
f 1845/1071/997 1846/1072/997 1847/1073/997
f 1846/1070/1152 1848/1069/1152 1847/1074/1152
f 1847/1074/1153 1848/1069/1153 1845/1068/1153
f 1851/1050/1154 1850/1075/1154 1853/1076/1154 1854/1077/1154
f 1849/1078/1155 1858/1079/1155 1852/1080/1155
f 1912/1081/1156 1849/1078/1156 1852/1080/1156 1913/1082/1156
f 1852/1080/1157 1858/1083/1157 1855/1084/1157
f 1913/1082/1158 1852/1080/1158 1855/1084/1158 1914/1085/1158
f 1854/1077/1159 1853/1076/1159 1856/1086/1159 1857/1087/1159
f 1857/1087/1160 1856/1086/1160 1860/1088/1160 1861/1089/1160
f 1855/1084/1161 1858/1090/1161 1859/1091/1161
f 1914/1085/1162 1855/1084/1162 1859/1091/1162 1915/1092/1162
f 1861/1093/1163 1860/1094/1163 1863/1095/1163 1864/1096/1163
f 1859/1097/1164 1858/1098/1164 1862/1099/1164
f 1915/1100/1165 1859/1097/1165 1862/1099/1165 1916/1101/1165
f 1864/1096/1166 1863/1095/1166 1850/1075/1166 1851/1050/1166
f 1862/1099/1167 1858/1102/1167 1849/1078/1167
f 1916/1101/1168 1862/1099/1168 1849/1078/1168 1912/1081/1168
f 1863/1095/1169 1869/1103/1169 1865/1104/1169 1850/1075/1169
f 1860/1094/1170 1868/1105/1170 1869/1103/1170 1863/1095/1170
f 1856/1086/1171 1867/1106/1171 1868/1107/1171 1860/1088/1171
f 1853/1076/1172 1866/1108/1172 1867/1106/1172 1856/1086/1172
f 1850/1075/1173 1865/1104/1173 1866/1108/1173 1853/1076/1173
f 1872/1050/1174 1871/1075/1174 1874/1076/1174 1875/1077/1174
f 1870/1078/1175 1879/1079/1175 1873/1080/1175
f 1922/1109/1176 1870/1078/1176 1873/1080/1176 1923/1110/1176
f 1873/1080/1177 1879/1083/1177 1876/1084/1177
f 1923/1110/1178 1873/1080/1178 1876/1084/1178 1924/1111/1178
f 1875/1077/1179 1874/1076/1179 1877/1086/1179 1878/1087/1179
f 1878/1087/1180 1877/1086/1180 1881/1088/1180 1882/1089/1180
f 1876/1084/1181 1879/1090/1181 1880/1091/1181
f 1924/1111/1182 1876/1084/1182 1880/1091/1182 1925/1112/1182
f 1882/1093/1183 1881/1094/1183 1884/1095/1183 1885/1096/1183
f 1880/1097/1184 1879/1098/1184 1883/1099/1184
f 1925/1113/1185 1880/1097/1185 1883/1099/1185 1926/1114/1185
f 1885/1096/1186 1884/1095/1186 1871/1075/1186 1872/1050/1186
f 1883/1099/1187 1879/1102/1187 1870/1078/1187
f 1926/1114/1188 1883/1099/1188 1870/1078/1188 1922/1109/1188
f 1884/1095/1189 1890/1103/1189 1886/1104/1189 1871/1075/1189
f 1881/1094/1190 1889/1105/1190 1890/1103/1190 1884/1095/1190
f 1877/1086/1191 1888/1106/1191 1889/1107/1191 1881/1088/1191
f 1874/1076/1192 1887/1108/1192 1888/1106/1192 1877/1086/1192
f 1871/1075/1193 1886/1104/1193 1887/1108/1193 1874/1076/1193
f 1893/1050/1174 1892/1075/1174 1895/1076/1174 1896/1077/1174
f 1891/1078/1194 1900/1079/1194 1894/1080/1194
f 1917/1115/1176 1891/1078/1176 1894/1080/1176 1918/1116/1176
f 1894/1080/1177 1900/1083/1177 1897/1084/1177
f 1918/1116/1178 1894/1080/1178 1897/1084/1178 1919/1117/1178
f 1896/1077/1179 1895/1076/1179 1898/1086/1179 1899/1087/1179
f 1899/1087/1180 1898/1086/1180 1902/1088/1180 1903/1089/1180
f 1897/1084/1181 1900/1090/1181 1901/1091/1181
f 1919/1117/1195 1897/1084/1195 1901/1091/1195 1920/1118/1195
f 1903/1093/1183 1902/1094/1183 1905/1095/1183 1906/1096/1183
f 1901/1097/1184 1900/1098/1184 1904/1099/1184
f 1920/1119/1185 1901/1097/1185 1904/1099/1185 1921/1120/1185
f 1906/1096/1186 1905/1095/1186 1892/1075/1186 1893/1050/1186
f 1904/1099/1187 1900/1102/1187 1891/1078/1187
f 1921/1120/1188 1904/1099/1188 1891/1078/1188 1917/1115/1188
f 1905/1095/1189 1911/1103/1189 1907/1104/1189 1892/1075/1189
f 1902/1094/1196 1910/1105/1196 1911/1103/1196 1905/1095/1196
f 1898/1086/1191 1909/1106/1191 1910/1107/1191 1902/1088/1191
f 1895/1076/1192 1908/1108/1192 1909/1106/1192 1898/1086/1192
f 1892/1075/1193 1907/1104/1193 1908/1108/1193 1895/1076/1193
f 1869/1103/1197 1916/1101/1197 1912/1081/1197 1865/1104/1197
f 1868/1105/1165 1915/1100/1165 1916/1101/1165 1869/1103/1165
f 1867/1106/1162 1914/1085/1162 1915/1092/1162 1868/1107/1162
f 1866/1108/1158 1913/1082/1158 1914/1085/1158 1867/1106/1158
f 1865/1104/1156 1912/1081/1156 1913/1082/1156 1866/1108/1156
f 1911/1103/1188 1921/1120/1188 1917/1115/1188 1907/1104/1188
f 1910/1105/1185 1920/1119/1185 1921/1120/1185 1911/1103/1185
f 1909/1106/1195 1919/1117/1195 1920/1118/1195 1910/1107/1195
f 1908/1108/1178 1918/1116/1178 1919/1117/1178 1909/1106/1178
f 1907/1104/1176 1917/1115/1176 1918/1116/1176 1908/1108/1176
f 1890/1103/1188 1926/1114/1188 1922/1109/1188 1886/1104/1188
f 1889/1105/1185 1925/1113/1185 1926/1114/1185 1890/1103/1185
f 1888/1106/1195 1924/1111/1195 1925/1112/1195 1889/1107/1195
f 1887/1108/1178 1923/1110/1178 1924/1111/1178 1888/1106/1178
f 1886/1104/1176 1922/1109/1176 1923/1110/1176 1887/1108/1176
o Present_Box
v 6.858470 -0.000800 5.846220
v 6.858470 1.752668 5.846220
v 6.858470 -0.000800 3.846220
v 6.858470 1.752668 3.846220
v 8.858470 -0.000800 5.846220
v 8.858470 1.752668 5.846220
v 8.858470 -0.000800 3.846220
v 8.858470 1.752668 3.846220
v 6.773111 1.657408 5.931578
v 6.773111 2.103348 5.931578
v 6.773111 1.657408 3.760862
v 6.773111 2.103348 3.760862
v 8.943829 1.657408 5.931578
v 8.943829 2.103348 5.931578
v 8.943829 1.657408 3.760862
v 8.943829 2.103348 3.760862
v 6.858470 -0.000800 4.697605
v 6.858470 -0.000800 4.661502
v 6.858470 -0.000800 5.030938
v 6.858470 -0.000800 4.994835
v 6.858470 1.752668 4.994835
v 6.858470 1.752668 5.030938
v 6.858470 1.752668 4.661502
v 6.858470 1.752668 4.697605
v 8.858470 -0.000800 5.030938
v 8.858470 -0.000800 4.994835
v 8.858470 -0.000800 4.697605
v 8.858470 -0.000800 4.661502
v 8.858470 1.752668 4.697605
v 8.858470 1.752668 4.661502
v 8.858470 1.752668 5.030938
v 8.858470 1.752668 4.994835
v 8.007085 -0.000800 3.846220
v 8.043188 -0.000800 3.846220
v 7.673752 -0.000800 3.846220
v 7.709855 -0.000800 3.846220
v 7.709855 1.752668 3.846220
v 7.673752 1.752668 3.846220
v 8.043188 1.752668 3.846220
v 8.007085 1.752668 3.846220
v 7.709855 -0.000800 5.846220
v 7.673752 -0.000800 5.846220
v 8.043188 -0.000800 5.846220
v 8.007085 -0.000800 5.846220
v 8.007085 1.752668 5.846220
v 8.043188 1.752668 5.846220
v 7.673752 1.752668 5.846220
v 7.709855 1.752668 5.846220
v 8.043188 -0.000800 4.661502
v 8.043188 -0.000800 4.697605
v 8.007085 -0.000800 4.697605
v 8.007085 -0.000800 4.661502
v 7.673752 -0.000800 4.661502
v 7.709855 -0.000800 4.661502
v 7.709855 -0.000800 4.697605
v 7.673752 -0.000800 4.697605
v 8.043188 -0.000800 5.030938
v 8.007085 -0.000800 5.030938
v 8.007085 -0.000800 4.994835
v 8.043188 -0.000800 4.994835
v 7.673752 -0.000800 5.030938
v 7.673752 -0.000800 4.994835
v 7.709855 -0.000800 4.994835
v 7.709855 -0.000800 5.030938
v 8.057414 1.657408 3.760862
v 8.021312 1.657408 3.760862
v 7.695628 1.657408 3.760862
v 7.659525 1.657408 3.760862
v 7.659525 2.103348 3.760862
v 7.695628 2.103348 3.760862
v 8.021312 2.103348 3.760862
v 8.057414 2.103348 3.760862
v 7.695628 1.657408 5.931578
v 7.659525 1.657408 5.931578
v 8.057414 1.657408 5.931578
v 8.021312 1.657408 5.931578
v 8.021312 2.103348 5.931578
v 8.057414 2.103348 5.931578
v 7.659525 2.103348 5.931578
v 7.695628 2.103348 5.931578
v 6.773111 1.657408 4.683379
v 6.773111 1.657408 4.647276
v 6.773111 1.657408 5.045165
v 6.773111 1.657408 5.009062
v 6.773111 2.103348 5.009062
v 6.773111 2.103348 5.045165
v 6.773111 2.103348 4.647276
v 6.773111 2.103348 4.683379
v 8.943829 1.657408 5.009062
v 8.943829 1.657408 5.045165
v 8.943829 1.657408 4.647276
v 8.943829 1.657408 4.683379
v 8.943829 2.103348 4.683379
v 8.943829 2.103348 4.647276
v 8.943829 2.103348 5.045165
v 8.943829 2.103348 5.009062
v 8.057414 2.103348 4.647276
v 8.021312 2.103348 4.647276
v 8.021312 2.103348 4.683379
v 8.057414 2.103348 4.683379
v 8.057414 2.103348 5.045165
v 8.057414 2.103348 5.009062
v 8.021312 2.103348 5.009062
v 8.021312 2.103348 5.045165
v 7.659525 2.103348 4.647276
v 7.659525 2.103348 4.683379
v 7.695628 2.103348 4.683379
v 7.695628 2.103348 4.647276
v 7.659525 2.103348 5.045165
v 7.695628 2.103348 5.045165
v 7.695628 2.103348 5.009062
v 7.659525 2.103348 5.009062
v 7.659525 1.657408 4.647276
v 7.695628 1.657408 4.647276
v 7.695628 1.657408 4.683379
v 7.659525 1.657408 4.683379
v 7.659525 1.657408 5.045165
v 7.659525 1.657408 5.009062
v 7.695628 1.657408 5.009062
v 7.695628 1.657408 5.045165
v 8.057414 1.657408 4.647276
v 8.057414 1.657408 4.683379
v 8.021312 1.657408 4.683379
v 8.021312 1.657408 4.647276
v 8.057414 1.657408 5.045165
v 8.021312 1.657408 5.045165
v 8.021312 1.657408 5.009062
v 8.057414 1.657408 5.009062
v 7.692423 2.449660 4.477418
v 8.024517 2.449660 4.477418
v 7.692423 2.141018 4.670750
v 8.024517 2.141018 4.670750
v 8.024517 2.141018 4.544048
v 7.692423 2.141018 4.544048
v 8.024517 2.406450 4.147809
v 7.692423 2.406450 4.147809
v 7.692423 2.199660 4.228645
v 8.024517 2.199660 4.228645
v 7.692423 2.467752 4.485945
v 8.024517 2.467752 4.485945
v 7.692423 2.131332 4.688248
v 8.024517 2.131332 4.688248
v 8.024517 2.121103 4.542213
v 7.692423 2.121103 4.542213
v 8.024517 2.416628 4.130593
v 7.692423 2.416628 4.130593
v 7.692423 2.184248 4.215899
v 8.024517 2.184248 4.215899
v 7.692423 2.449660 5.215022
v 8.024517 2.449660 5.215022
v 7.692423 2.141018 5.021690
v 8.024517 2.141018 5.021690
v 8.024517 2.141018 5.148392
v 7.692423 2.141018 5.148392
v 8.024517 2.406450 5.544631
v 7.692423 2.406450 5.544631
v 7.692423 2.199660 5.463795
v 8.024517 2.199660 5.463795
v 7.692423 2.467752 5.206495
v 8.024517 2.467752 5.206495
v 7.692423 2.131332 5.004192
v 8.024517 2.131332 5.004192
v 8.024517 2.121103 5.150227
v 7.692423 2.121103 5.150227
v 8.024517 2.416628 5.561847
v 7.692423 2.416628 5.561847
v 7.692423 2.184248 5.476541
v 8.024517 2.184248 5.476541
v 8.227270 2.449660 4.680172
v 8.227270 2.449660 5.012267
v 8.033939 2.141018 4.680172
v 8.033939 2.141018 5.012267
v 8.160641 2.141018 5.012267
v 8.160641 2.141018 4.680172
v 8.556880 2.406450 5.012267
v 8.556880 2.406450 4.680172
v 8.476044 2.199660 4.680172
v 8.476044 2.199660 5.012267
v 8.218744 2.467752 4.680172
v 8.218744 2.467752 5.012267
v 8.016441 2.131332 4.680172
v 8.016441 2.131332 5.012267
v 8.162476 2.121103 5.012267
v 8.162476 2.121103 4.680172
v 8.574096 2.416628 5.012267
v 8.574096 2.416628 4.680172
v 8.488790 2.184248 4.680172
v 8.488790 2.184248 5.012267
v 7.489667 2.449660 4.680173
v 7.489667 2.449660 5.012268
v 7.682999 2.141018 4.680173
v 7.682999 2.141018 5.012268
v 7.556297 2.141018 5.012268
v 7.556297 2.141018 4.680173
v 7.160058 2.406450 5.012268
v 7.160058 2.406450 4.680173
v 7.240894 2.199660 4.680173
v 7.240894 2.199660 5.012268
v 7.498194 2.467752 4.680173
v 7.498194 2.467752 5.012268
v 7.700497 2.131332 4.680173
v 7.700497 2.131332 5.012268
v 7.554462 2.121103 5.012268
v 7.554462 2.121103 4.680173
v 7.142842 2.416628 5.012268
v 7.142842 2.416628 4.680173
v 7.228148 2.184248 4.680173
v 7.228148 2.184248 5.012268
v 8.021312 2.103348 4.683379
v 8.021312 2.103348 5.009062
v 7.695628 2.103348 4.683379
v 7.695628 2.103348 5.009062
v 7.981838 2.288538 4.722852
v 7.981838 2.288538 4.969588
v 7.735102 2.288538 4.969588
v 7.735102 2.288538 4.722852
vn -0.0000 -1.0000 -0.0000
vn -0.0000 -0.0000 -1.0000
vn -0.0000 -0.0000 1.0000
vn 1.0000 -0.0000 -0.0000
vn -1.0000 -0.0000 -0.0000
vn -0.0000 1.0000 -0.0000
vn -0.0000 -0.9915 0.1300
vn -0.0000 0.3641 0.9314
vn -0.0000 -0.5308 -0.8475
vn -0.0000 0.9832 0.1828
vn -0.0000 0.9898 -0.1424
vn -0.0000 -0.9976 0.0699
vn -0.0000 -0.3446 -0.9387
vn -0.0000 0.5153 0.8570
vn -0.0000 -0.9818 -0.1900
vn -0.0000 -0.9915 -0.1300
vn -0.0000 0.3641 -0.9314
vn -0.0000 -0.5308 0.8475
vn -0.0000 0.9832 -0.1828
vn -0.0000 0.9898 0.1424
vn -0.0000 -0.9976 -0.0699
vn -0.0000 -0.3446 0.9387
vn -0.0000 0.5153 -0.8570
vn -0.0000 -0.9818 0.1900
vn -0.1300 -0.9915 -0.0000
vn -0.9314 0.3641 -0.0000
vn 0.8475 -0.5308 -0.0000
vn -0.1828 0.9832 -0.0000
vn 0.1424 0.9898 -0.0000
vn -0.0699 -0.9976 -0.0000
vn 0.9387 -0.3446 -0.0000
vn -0.8570 0.5153 -0.0000
vn 0.1900 -0.9818 -0.0000
vn 0.1300 -0.9915 -0.0000
vn 0.9314 0.3641 -0.0000
vn -0.8475 -0.5308 -0.0000
vn 0.1828 0.9832 -0.0000
vn -0.1424 0.9898 -0.0000
vn 0.0699 -0.9976 -0.0000
vn -0.9387 -0.3446 -0.0000
vn 0.8570 0.5153 -0.0000
vn -0.1900 -0.9818 -0.0000
vn -0.9780 0.2085 -0.0000
vn -0.0000 0.2085 -0.9780
vn 0.9780 0.2085 -0.0000
vn -0.0000 0.2085 0.9780
vt 0.125000 0.668472
vt 0.206528 0.668472
vt 0.206528 0.750000
vt 0.125000 0.750000
vt 0.375000 0.337846
vt 0.625000 0.337846
vt 0.625000 0.412154
vt 0.375000 0.412154
vt 0.293472 0.587846
vt 0.375000 0.587846
vt 0.375000 0.662154
vt 0.293472 0.662154
vt 0.375000 0.837846
vt 0.625000 0.837846
vt 0.625000 0.912154
vt 0.375000 0.912154
vt 0.625000 0.587846
vt 0.625000 0.662154
vt 0.375000 0.662154
vt 0.375000 0.087491
vt 0.625000 0.087491
vt 0.625000 0.162509
vt 0.375000 0.162509
vt 0.212491 0.500000
vt 0.287509 0.500000
vt 0.287509 0.581670
vt 0.212491 0.581670
vt 0.375000 0.587491
vt 0.625000 0.587491
vt 0.625000 0.662509
vt 0.375000 0.662509
vt 0.375000 0.750000
vt 0.625000 0.750000
vt 0.625000 0.831670
vt 0.375000 0.831670
vt 0.625000 0.668330
vt 0.706670 0.668330
vt 0.706670 0.750000
vt 0.375000 0.168330
vt 0.625000 0.168330
vt 0.625000 0.250000
vt 0.375000 0.250000
vt 0.375000 0.418472
vt 0.625000 0.418472
vt 0.625000 0.500000
vt 0.375000 0.500000
vt 0.625000 0.581528
vt 0.375000 0.581528
vt 0.293472 0.500000
vt 0.375000 0.581528
vt 0.293472 0.581528
vt 0.375000 0.668472
vt 0.625000 0.668472
vt 0.293472 0.668472
vt 0.293472 0.750000
vt 0.125000 0.587846
vt 0.206528 0.587846
vt 0.206528 0.662154
vt 0.125000 0.662154
vt 0.375000 0.168472
vt 0.625000 0.168472
vt 0.293330 0.500000
vt 0.375000 0.581670
vt 0.293330 0.581670
vt 0.375000 0.087846
vt 0.625000 0.087846
vt 0.625000 0.162154
vt 0.375000 0.162154
vt 0.625000 0.331528
vt 0.375000 0.331528
vt 0.375000 0.000000
vt 0.625000 0.000000
vt 0.625000 0.081528
vt 0.375000 0.081528
vt 0.625000 0.831528
vt 0.375000 0.831528
vt 0.212846 0.587846
vt 0.287154 0.587846
vt 0.287154 0.662154
vt 0.212846 0.662154
vt 0.212846 0.668472
vt 0.287154 0.668472
vt 0.287154 0.750000
vt 0.212846 0.750000
vt 0.375000 0.918472
vt 0.625000 0.918472
vt 0.625000 1.000000
vt 0.375000 1.000000
vt 0.212846 0.500000
vt 0.287154 0.500000
vt 0.287154 0.581528
vt 0.212846 0.581528
vt 0.712491 0.668330
vt 0.787509 0.668330
vt 0.787509 0.750000
vt 0.712491 0.750000
vt 0.793330 0.668330
vt 0.875000 0.668330
vt 0.875000 0.750000
vt 0.793330 0.750000
vt 0.375000 0.837491
vt 0.625000 0.837491
vt 0.625000 0.912509
vt 0.375000 0.912509
vt 0.375000 0.918330
vt 0.625000 0.918330
vt 0.293330 0.668330
vt 0.375000 0.668330
vt 0.293330 0.750000
vt 0.212491 0.668330
vt 0.287509 0.668330
vt 0.287509 0.750000
vt 0.212491 0.750000
vt 0.793330 0.500000
vt 0.875000 0.500000
vt 0.875000 0.581670
vt 0.793330 0.581670
vt 0.375000 0.418330
vt 0.625000 0.418330
vt 0.125000 0.500000
vt 0.206670 0.500000
vt 0.206670 0.581670
vt 0.125000 0.581670
vt 0.625000 0.331670
vt 0.375000 0.331670
vt 0.625000 0.081670
vt 0.375000 0.081670
vt 0.706670 0.500000
vt 0.706670 0.581670
vt 0.625000 0.581670
vt 0.212491 0.587491
vt 0.287509 0.587491
vt 0.287509 0.662509
vt 0.212491 0.662509
vt 0.125000 0.668330
vt 0.206670 0.668330
vt 0.206670 0.750000
vt 0.712491 0.587491
vt 0.787509 0.587491
vt 0.787509 0.662509
vt 0.712491 0.662509
vt 0.712491 0.500000
vt 0.787509 0.500000
vt 0.787509 0.581670
vt 0.712491 0.581670
vt 0.375000 0.337491
vt 0.625000 0.337491
vt 0.625000 0.412509
vt 0.375000 0.412509
vt 0.706670 0.587491
vt 0.706670 0.662509
vt 0.293330 0.587491
vt 0.293330 0.662509
vt 0.793330 0.587491
vt 0.875000 0.587491
vt 0.875000 0.662509
vt 0.793330 0.662509
vt 0.125000 0.587491
vt 0.206670 0.587491
vt 0.206670 0.662509
vt 0.125000 0.662509
vt 0.206528 0.581528
vt 0.125000 0.581528
vt 0.206528 0.500000
vt 0.000000 0.825543
vt 1.000000 0.825543
vt 1.000000 1.000000
vt 0.000000 1.000000
vt 0.000000 0.500000
vt 1.000000 0.500000
vt 1.000000 0.651086
vt 0.000000 0.651086
vt 0.000000 0.738314
vt 1.000000 0.738314
s 0
usemtl vertex_colors
f 1945/1121/1198 1987/1122/1198 1968/1123/1198 1927/1124/1198
f 1962/1125/1199 1963/1126/1199 1966/1127/1199 1959/1128/1199
f 1976/1129/1198 1953/1130/1198 1952/1131/1198 1986/1132/1198
f 1970/1133/1200 1971/1134/1200 1974/1135/1200 1967/1136/1200
f 1953/1130/1201 1955/1137/1201 1958/1138/1201 1952/1139/1201
f 2010/1140/1202 2011/1141/1202 2014/1142/1202 2007/1143/1202
f 1993/1144/1198 1992/1145/1198 2050/1146/1198 2040/1147/1198
f 2018/1148/1201 2019/1149/1201 2022/1150/1201 2015/1151/1201
f 1939/1152/1200 1940/1153/1200 2004/1154/1200 2001/1155/1200
f 2021/1156/1203 2027/1157/1203 2004/1158/1203 1940/1153/1203
f 2008/1159/1202 2013/1160/1202 1938/1161/1202 1937/1162/1202
f 1960/1163/1199 1965/1164/1199 1934/1165/1199 1933/1166/1199
f 1933/1166/1201 1934/1165/1201 1956/1167/1201 1954/1168/1201
f 1960/1169/1198 1933/1166/1198 1954/1170/1198 1975/1171/1198
f 1951/1172/1201 1957/1173/1201 1932/1153/1201 1931/1152/1201
f 1983/1174/1198 1951/1172/1198 1931/1152/1198 1969/1175/1198
f 1943/1176/1198 1982/1177/1198 1988/1178/1198 1946/1179/1198
f 1944/1180/1202 1949/1181/1202 1930/1161/1202 1929/1162/1202
f 1991/1182/1198 1941/1166/1198 2017/1183/1198 2047/1184/1198
f 1946/1185/1202 1947/1186/1202 1950/1187/1202 1943/1188/1202
f 1929/1162/1199 1930/1161/1199 1964/1189/1199 1961/1190/1199
f 1927/1191/1202 1928/1192/1202 1948/1193/1202 1945/1194/1202
f 1931/1152/1200 1932/1153/1200 1972/1195/1200 1969/1196/1200
f 1981/1197/1198 1977/1198/1198 1985/1199/1198 1989/1200/1198
f 1990/1201/1198 1984/1202/1198 1970/1203/1198 1967/1204/1198
f 1968/1205/1200 1973/1206/1200 1928/1207/1200 1927/1208/1200
f 1962/1209/1198 1959/1210/1198 1978/1211/1198 1980/1212/1198
f 2030/1213/1203 2036/1214/1203 2006/1215/1203 2003/1216/1203
f 2035/1217/1203 2012/1218/1203 1936/1219/1203 2005/1220/1203
f 2002/1221/1200 2003/1222/1200 2006/1223/1200 1999/1224/1200
f 2000/1225/1200 2005/1226/1200 1936/1207/1200 1935/1208/1200
f 2051/1227/1198 2016/1228/1198 1939/1152/1198 2001/1229/1198
f 2046/1230/1198 2052/1231/1198 2002/1232/1198 1999/1233/1198
f 1995/1234/1203 1938/1235/1203 2013/1236/1203 2031/1237/1203
f 1991/1238/1199 1998/1239/1199 1942/1165/1199 1941/1166/1199
f 1937/1240/1198 1994/1241/1198 2039/1242/1198 2008/1243/1198
f 1937/1162/1199 1938/1161/1199 1995/1244/1199 1994/1245/1199
f 1935/1191/1202 1936/1192/1202 2012/1246/1202 2009/1247/1202
f 1942/1165/1203 1998/1248/1203 2023/1249/1203 2020/1250/1203
f 2041/1251/1198 2049/1252/1198 2053/1253/1198 2045/1254/1198
f 2009/1255/1198 2043/1256/1198 2000/1257/1198 1935/1124/1198
f 2025/1258/1203 2033/1259/1203 2037/1260/1203 2029/1261/1203
f 1997/1262/1203 1996/1263/1203 2034/1264/1203 2024/1265/1203
f 2016/1228/1201 2021/1156/1201 1940/1153/1201 1939/1152/1201
f 1993/1266/1199 1996/1267/1199 1997/1268/1199 1992/1269/1199
f 1941/1166/1201 1942/1165/1201 2020/1250/1201 2017/1183/1201
f 2019/1149/1203 2026/1270/1203 2028/1271/1203 2022/1150/1203
f 2048/1272/1198 2018/1148/1198 2015/1151/1198 2054/1273/1198
f 2032/1274/1203 2014/1275/1203 2011/1276/1203 2038/1277/1203
f 2007/1278/1198 2042/1279/1198 2044/1280/1198 2010/1281/1198
f 1975/1171/1198 1976/1129/1198 1977/1198/1198 1978/1211/1198
f 1979/1282/1198 1980/1212/1198 1981/1197/1198 1982/1177/1198
f 1983/1174/1198 1984/1202/1198 1985/1199/1198 1986/1132/1198
f 1987/1122/1198 1988/1178/1198 1989/1200/1198 1990/1201/1198
f 2023/1249/1203 2024/1265/1203 2025/1258/1203 2026/1270/1203
f 2027/1157/1203 2028/1271/1203 2029/1261/1203 2030/1213/1203
f 2031/1237/1203 2032/1274/1203 2033/1259/1203 2034/1264/1203
f 2035/1217/1203 2036/1214/1203 2037/1260/1203 2038/1277/1203
f 2039/1242/1198 2040/1147/1198 2041/1251/1198 2042/1279/1198
f 2043/1256/1198 2044/1280/1198 2045/1254/1198 2046/1230/1198
f 2047/1184/1198 2048/1272/1198 2049/1252/1198 2050/1146/1198
f 2051/1227/1198 2052/1231/1198 2053/1253/1198 2054/1273/1198
f 1982/1177/1198 1943/1176/1198 1944/1283/1198 1979/1282/1198
f 1987/1122/1198 1945/1121/1198 1946/1179/1198 1988/1178/1198
f 1955/1137/1201 1953/1130/1201 1954/1168/1201 1956/1167/1201
f 1957/1173/1201 1951/1172/1201 1952/1139/1201 1958/1138/1201
f 1947/1186/1202 1946/1185/1202 1945/1194/1202 1948/1193/1202
f 1949/1181/1202 1944/1180/1202 1943/1188/1202 1950/1187/1202
f 1953/1130/1198 1976/1129/1198 1975/1171/1198 1954/1170/1198
f 1977/1198/1198 1981/1197/1198 1980/1212/1198 1978/1211/1198
f 1951/1172/1198 1983/1174/1198 1986/1132/1198 1952/1131/1198
f 1984/1202/1198 1990/1201/1198 1989/1200/1198 1985/1199/1198
f 1981/1197/1198 1989/1200/1198 1988/1178/1198 1982/1177/1198
f 1976/1129/1198 1986/1132/1198 1985/1199/1198 1977/1198/1198
f 1962/1209/1198 1980/1212/1198 1979/1282/1198 1961/1284/1198
f 1960/1169/1198 1975/1171/1198 1978/1211/1198 1959/1210/1198
f 1990/1201/1198 1967/1204/1198 1968/1123/1198 1987/1122/1198
f 1983/1174/1198 1969/1175/1198 1970/1203/1198 1984/1202/1198
f 1971/1134/1200 1970/1133/1200 1969/1196/1200 1972/1195/1200
f 1973/1206/1200 1968/1205/1200 1967/1136/1200 1974/1135/1200
f 1963/1126/1199 1962/1125/1199 1961/1190/1199 1964/1189/1199
f 1965/1164/1199 1960/1163/1199 1959/1128/1199 1966/1127/1199
f 2030/1213/1203 2003/1216/1203 2004/1158/1203 2027/1157/1203
f 2035/1217/1203 2005/1220/1203 2006/1215/1203 2036/1214/1203
f 2046/1230/1198 1999/1233/1198 2000/1257/1198 2043/1256/1198
f 2051/1227/1198 2001/1229/1198 2002/1232/1198 2052/1231/1198
f 2003/1222/1200 2002/1221/1200 2001/1155/1200 2004/1154/1200
f 2005/1226/1200 2000/1225/1200 1999/1224/1200 2006/1223/1200
f 1996/1267/1199 1993/1266/1199 1994/1245/1199 1995/1244/1199
f 1998/1239/1199 1991/1238/1199 1992/1269/1199 1997/1268/1199
f 1997/1262/1203 2024/1265/1203 2023/1249/1203 1998/1248/1203
f 2025/1258/1203 2029/1261/1203 2028/1271/1203 2026/1270/1203
f 1995/1234/1203 2031/1237/1203 2034/1264/1203 1996/1263/1203
f 2032/1274/1203 2038/1277/1203 2037/1260/1203 2033/1259/1203
f 1993/1144/1198 2040/1147/1198 2039/1242/1198 1994/1241/1198
f 2041/1251/1198 2045/1254/1198 2044/1280/1198 2042/1279/1198
f 1991/1182/1198 2047/1184/1198 2050/1146/1198 1992/1145/1198
f 2048/1272/1198 2054/1273/1198 2053/1253/1198 2049/1252/1198
f 2049/1252/1198 2041/1251/1198 2040/1147/1198 2050/1146/1198
f 2052/1231/1198 2046/1230/1198 2045/1254/1198 2053/1253/1198
f 2042/1279/1198 2007/1278/1198 2008/1243/1198 2039/1242/1198
f 2043/1256/1198 2009/1255/1198 2010/1281/1198 2044/1280/1198
f 2033/1259/1203 2025/1258/1203 2024/1265/1203 2034/1264/1203
f 2036/1214/1203 2030/1213/1203 2029/1261/1203 2037/1260/1203
f 2026/1270/1203 2019/1149/1203 2020/1250/1203 2023/1249/1203
f 2027/1157/1203 2021/1156/1203 2022/1150/1203 2028/1271/1203
f 2014/1275/1203 2032/1274/1203 2031/1237/1203 2013/1236/1203
f 2012/1218/1203 2035/1217/1203 2038/1277/1203 2011/1276/1203
f 2018/1148/1198 2048/1272/1198 2047/1184/1198 2017/1183/1198
f 2016/1228/1198 2051/1227/1198 2054/1273/1198 2015/1151/1198
f 2019/1149/1201 2018/1148/1201 2017/1183/1201 2020/1250/1201
f 2021/1156/1201 2016/1228/1201 2015/1151/1201 2022/1150/1201
f 2011/1141/1202 2010/1140/1202 2009/1247/1202 2012/1246/1202
f 2013/1160/1202 2008/1159/1202 2007/1143/1202 2014/1142/1202
f 1929/1240/1198 1961/1284/1198 1979/1282/1198 1944/1283/1198
f 2062/1285/1204 2061/1286/1204 2056/1287/1204 2055/1288/1204
f 2057/1289/1203 2058/1290/1203 2059/1291/1203 2060/1292/1203
f 2063/1293/1205 2064/1294/1205 2061/1286/1205 2062/1285/1205
f 2055/1288/1206 2056/1287/1206 2058/1287/1206 2057/1288/1206
f 2060/1292/1207 2059/1291/1207 2064/1294/1207 2063/1293/1207
f 2072/1285/1208 2065/1288/1208 2066/1287/1208 2071/1286/1208
f 2067/1289/1209 2070/1292/1209 2069/1291/1209 2068/1290/1209
f 2073/1293/1210 2072/1285/1210 2071/1286/1210 2074/1294/1210
f 2065/1288/1211 2067/1288/1211 2068/1287/1211 2066/1287/1211
f 2070/1292/1212 2073/1293/1212 2074/1294/1212 2069/1291/1212
f 2056/1287/1201 2061/1286/1201 2071/1286/1201 2066/1287/1201
f 2057/1289/1202 2060/1292/1202 2070/1292/1202 2067/1289/1202
f 2059/1291/1201 2058/1290/1201 2068/1290/1201 2069/1291/1201
f 2060/1292/1202 2063/1293/1202 2073/1293/1202 2070/1292/1202
f 2061/1286/1201 2064/1294/1201 2074/1294/1201 2071/1286/1201
f 2062/1285/1202 2055/1288/1202 2065/1288/1202 2072/1285/1202
f 2058/1287/1201 2056/1287/1201 2066/1287/1201 2068/1287/1201
f 2063/1293/1202 2062/1285/1202 2072/1285/1202 2073/1293/1202
f 2064/1294/1201 2059/1291/1201 2069/1291/1201 2074/1294/1201
f 2055/1288/1202 2057/1288/1202 2067/1288/1202 2065/1288/1202
f 2082/1285/1213 2075/1288/1213 2076/1287/1213 2081/1286/1213
f 2077/1289/1203 2080/1292/1203 2079/1291/1203 2078/1290/1203
f 2083/1293/1214 2082/1285/1214 2081/1286/1214 2084/1294/1214
f 2075/1288/1215 2077/1288/1215 2078/1287/1215 2076/1287/1215
f 2080/1292/1216 2083/1293/1216 2084/1294/1216 2079/1291/1216
f 2092/1285/1217 2091/1286/1217 2086/1287/1217 2085/1288/1217
f 2087/1289/1218 2088/1290/1218 2089/1291/1218 2090/1292/1218
f 2093/1293/1219 2094/1294/1219 2091/1286/1219 2092/1285/1219
f 2085/1288/1220 2086/1287/1220 2088/1287/1220 2087/1288/1220
f 2090/1292/1221 2089/1291/1221 2094/1294/1221 2093/1293/1221
f 2076/1287/1201 2086/1287/1201 2091/1286/1201 2081/1286/1201
f 2077/1289/1202 2087/1289/1202 2090/1292/1202 2080/1292/1202
f 2079/1291/1201 2089/1291/1201 2088/1290/1201 2078/1290/1201
f 2080/1292/1202 2090/1292/1202 2093/1293/1202 2083/1293/1202
f 2081/1286/1201 2091/1286/1201 2094/1294/1201 2084/1294/1201
f 2082/1285/1202 2092/1285/1202 2085/1288/1202 2075/1288/1202
f 2078/1287/1201 2088/1287/1201 2086/1287/1201 2076/1287/1201
f 2083/1293/1202 2093/1293/1202 2092/1285/1202 2082/1285/1202
f 2084/1294/1201 2094/1294/1201 2089/1291/1201 2079/1291/1201
f 2075/1288/1202 2085/1288/1202 2087/1288/1202 2077/1288/1202
f 2102/1285/1222 2101/1286/1222 2096/1287/1222 2095/1288/1222
f 2097/1289/1203 2098/1290/1203 2099/1291/1203 2100/1292/1203
f 2103/1293/1223 2104/1294/1223 2101/1286/1223 2102/1285/1223
f 2095/1288/1224 2096/1287/1224 2098/1287/1224 2097/1288/1224
f 2100/1292/1225 2099/1291/1225 2104/1294/1225 2103/1293/1225
f 2112/1285/1226 2105/1288/1226 2106/1287/1226 2111/1286/1226
f 2107/1289/1227 2110/1292/1227 2109/1291/1227 2108/1290/1227
f 2113/1293/1228 2112/1285/1228 2111/1286/1228 2114/1294/1228
f 2105/1288/1229 2107/1288/1229 2108/1287/1229 2106/1287/1229
f 2110/1292/1230 2113/1293/1230 2114/1294/1230 2109/1291/1230
f 2096/1287/1200 2101/1286/1200 2111/1286/1200 2106/1287/1200
f 2097/1289/1199 2100/1292/1199 2110/1292/1199 2107/1289/1199
f 2099/1291/1200 2098/1290/1200 2108/1290/1200 2109/1291/1200
f 2100/1292/1199 2103/1293/1199 2113/1293/1199 2110/1292/1199
f 2101/1286/1200 2104/1294/1200 2114/1294/1200 2111/1286/1200
f 2102/1285/1199 2095/1288/1199 2105/1288/1199 2112/1285/1199
f 2098/1287/1200 2096/1287/1200 2106/1287/1200 2108/1287/1200
f 2103/1293/1199 2102/1285/1199 2112/1285/1199 2113/1293/1199
f 2104/1294/1200 2099/1291/1200 2109/1291/1200 2114/1294/1200
f 2095/1288/1199 2097/1288/1199 2107/1288/1199 2105/1288/1199
f 2122/1285/1231 2115/1288/1231 2116/1287/1231 2121/1286/1231
f 2117/1289/1203 2120/1292/1203 2119/1291/1203 2118/1290/1203
f 2123/1293/1232 2122/1285/1232 2121/1286/1232 2124/1294/1232
f 2115/1288/1233 2117/1288/1233 2118/1287/1233 2116/1287/1233
f 2120/1292/1234 2123/1293/1234 2124/1294/1234 2119/1291/1234
f 2132/1285/1235 2131/1286/1235 2126/1287/1235 2125/1288/1235
f 2127/1289/1236 2128/1290/1236 2129/1291/1236 2130/1292/1236
f 2133/1293/1237 2134/1294/1237 2131/1286/1237 2132/1285/1237
f 2125/1288/1238 2126/1287/1238 2128/1287/1238 2127/1288/1238
f 2130/1292/1239 2129/1291/1239 2134/1294/1239 2133/1293/1239
f 2116/1287/1200 2126/1287/1200 2131/1286/1200 2121/1286/1200
f 2117/1289/1199 2127/1289/1199 2130/1292/1199 2120/1292/1199
f 2119/1291/1200 2129/1291/1200 2128/1290/1200 2118/1290/1200
f 2120/1292/1199 2130/1292/1199 2133/1293/1199 2123/1293/1199
f 2121/1286/1200 2131/1286/1200 2134/1294/1200 2124/1294/1200
f 2122/1285/1199 2132/1285/1199 2125/1288/1199 2115/1288/1199
f 2118/1287/1200 2128/1287/1200 2126/1287/1200 2116/1287/1200
f 2123/1293/1199 2133/1293/1199 2132/1285/1199 2122/1285/1199
f 2124/1294/1200 2134/1294/1200 2129/1291/1200 2119/1291/1200
f 2115/1288/1199 2125/1288/1199 2127/1288/1199 2117/1288/1199
f 2135/1258/1198 2136/1261/1198 2138/1260/1198 2137/1259/1198
f 2139/1258/1203 2142/1259/1203 2141/1260/1203 2140/1261/1203
f 2137/1259/1240 2138/1260/1240 2141/1260/1240 2142/1259/1240
f 2135/1258/1241 2137/1259/1241 2142/1259/1241 2139/1258/1241
f 2136/1261/1242 2135/1258/1242 2139/1258/1242 2140/1261/1242
f 2138/1260/1243 2136/1261/1243 2140/1261/1243 2141/1260/1243
o Present_Box_open_lid
v 10.597763 1.589059 7.294068
v 10.475557 2.035000 7.416274
v 10.597763 1.589059 5.367763
v 10.475557 2.035000 5.245557
v 12.524069 1.589059 7.294068
v 12.646275 2.035000 7.416274
v 12.524069 1.589059 5.367763
v 12.646275 2.035000 5.245557
v 11.759861 1.589059 5.367763
v 11.723758 1.589059 5.367763
v 11.398074 1.589059 5.367763
v 11.361972 1.589059 5.367763
v 11.361972 2.035000 5.245557
v 11.398074 2.035000 5.245557
v 11.723758 2.035000 5.245557
v 11.759861 2.035000 5.245557
v 11.398074 1.589059 7.416274
v 11.361972 1.589059 7.294068
v 11.759861 1.589059 7.416274
v 11.723758 1.589059 7.294068
v 11.723758 2.035000 7.416274
v 11.759861 2.035000 7.416274
v 11.361972 2.035000 7.416274
v 11.398074 2.035000 7.416274
v 10.475557 1.589059 6.168074
v 10.597763 1.589059 6.131971
v 10.475557 1.589059 6.529860
v 10.597763 1.589059 6.493757
v 10.475557 2.035000 6.493757
v 10.475557 2.035000 6.529860
v 10.475557 2.035000 6.131971
v 10.475557 2.035000 6.168074
v 12.524069 1.589059 6.493757
v 12.524069 1.589059 6.529860
v 12.524069 1.589059 6.131971
v 12.524069 1.589059 6.168074
v 12.646275 2.035000 6.168074
v 12.646275 2.035000 6.131971
v 12.646275 2.035000 6.529860
v 12.646275 2.035000 6.493757
v 11.759861 2.035000 6.131971
v 11.723758 2.035000 6.131971
v 11.723758 2.035000 6.168074
v 11.759861 2.035000 6.168074
v 11.759861 2.035000 6.529860
v 11.759861 2.035000 6.493757
v 11.723758 2.035000 6.493757
v 11.723758 2.035000 6.529860
v 11.361972 2.035000 6.131971
v 11.361972 2.035000 6.168074
v 11.398074 2.035000 6.168074
v 11.398074 2.035000 6.131971
v 11.361972 2.035000 6.529860
v 11.398074 2.035000 6.529860
v 11.398074 2.035000 6.493757
v 11.361972 2.035000 6.493757
v 11.394869 2.381312 5.962114
v 11.726964 2.381312 5.962114
v 11.394869 2.072670 6.155446
v 11.726964 2.072670 6.155446
v 11.726964 2.072670 6.028744
v 11.394869 2.072670 6.028744
v 11.726964 2.338102 5.632504
v 11.394869 2.338102 5.632504
v 11.394869 2.131312 5.713340
v 11.726964 2.131312 5.713340
v 11.394869 2.399404 5.970640
v 11.726964 2.399404 5.970640
v 11.394869 2.062984 6.172943
v 11.726964 2.062984 6.172943
v 11.726964 2.052755 6.026908
v 11.394869 2.052755 6.026908
v 11.726964 2.348279 5.615288
v 11.394869 2.348279 5.615288
v 11.394869 2.115900 5.700594
v 11.726964 2.115900 5.700594
v 11.394869 2.381312 6.699717
v 11.726964 2.381312 6.699717
v 11.394869 2.072670 6.506385
v 11.726964 2.072670 6.506385
v 11.726964 2.072670 6.633087
v 11.394869 2.072670 6.633087
v 11.726964 2.338102 7.029326
v 11.394869 2.338102 7.029326
v 11.394869 2.131312 6.948491
v 11.726964 2.131312 6.948491
v 11.394869 2.399404 6.691191
v 11.726964 2.399404 6.691191
v 11.394869 2.062984 6.488888
v 11.726964 2.062984 6.488888
v 11.726964 2.052755 6.634923
v 11.394869 2.052755 6.634923
v 11.726964 2.348279 7.046542
v 11.394869 2.348279 7.046542
v 11.394869 2.115900 6.961236
v 11.726964 2.115900 6.961236
v 11.929717 2.381312 6.164868
v 11.929717 2.381312 6.496963
v 11.736385 2.072670 6.164868
v 11.736385 2.072670 6.496963
v 11.863087 2.072670 6.496963
v 11.863087 2.072670 6.164868
v 12.259326 2.338102 6.496963
v 12.259326 2.338102 6.164868
v 12.178491 2.131312 6.164868
v 12.178491 2.131312 6.496963
v 11.921190 2.399404 6.164868
v 11.921190 2.399404 6.496963
v 11.718887 2.062984 6.164868
v 11.718887 2.062984 6.496963
v 11.864923 2.052755 6.496963
v 11.864923 2.052755 6.164868
v 12.276543 2.348279 6.496963
v 12.276543 2.348279 6.164868
v 12.191236 2.115900 6.164868
v 12.191236 2.115900 6.496963
v 11.192114 2.381312 6.164868
v 11.192114 2.381312 6.496963
v 11.385446 2.072670 6.164868
v 11.385446 2.072670 6.496963
v 11.258743 2.072670 6.496963
v 11.258743 2.072670 6.164868
v 10.862504 2.338102 6.496963
v 10.862504 2.338102 6.164868
v 10.943340 2.131312 6.164868
v 10.943340 2.131312 6.496963
v 11.200640 2.399404 6.164868
v 11.200640 2.399404 6.496963
v 11.402943 2.062984 6.164868
v 11.402943 2.062984 6.496963
v 11.256908 2.052755 6.496963
v 11.256908 2.052755 6.164868
v 10.845288 2.348279 6.496963
v 10.845288 2.348279 6.164868
v 10.930594 2.115900 6.164868
v 10.930594 2.115900 6.496963
v 11.723758 2.035000 6.168074
v 11.723758 2.035000 6.493757
v 11.398074 2.035000 6.168074
v 11.398074 2.035000 6.493757
v 11.684284 2.220190 6.207547
v 11.684284 2.220190 6.454284
v 11.437548 2.220190 6.454284
v 11.437548 2.220190 6.207547
v 11.398074 1.589059 7.294068
v 11.361972 1.589059 7.416274
v 11.759861 1.589059 7.294068
v 11.723758 1.589059 7.416274
v 11.398074 1.589059 5.245557
v 11.361972 1.589059 5.245557
v 11.759861 1.589059 5.245557
v 11.723758 1.589059 5.245557
v 10.597763 1.589059 6.168074
v 10.475557 1.589059 6.131971
v 10.597763 1.589059 6.529860
v 10.475557 1.589059 6.493757
v 12.646275 1.589059 6.131971
v 12.646275 1.589059 6.168074
v 12.646275 1.589059 6.493757
v 12.646275 1.589059 6.529860
v 12.646275 1.589059 5.245557
v 10.475557 1.589059 5.245557
v 10.475557 1.589059 7.416274
v 12.646275 1.589059 7.416274
v 11.320232 1.716049 6.194552
v 11.320232 1.716049 6.158449
v 11.356336 1.716049 6.158449
v 11.356336 1.716049 6.194552
v 11.356336 1.716049 6.556338
v 11.320232 1.716049 6.556338
v 11.320232 1.716049 6.520235
v 11.356336 1.716049 6.520235
v 11.682019 1.716049 6.158449
v 11.718122 1.716049 6.158449
v 11.718122 1.716049 6.194552
v 11.682019 1.716049 6.194552
v 11.718122 1.716049 6.520235
v 11.718122 1.716049 6.556338
v 11.682019 1.716049 6.556338
v 11.682019 1.716049 6.520235
v 11.356336 1.716049 7.320546
v 11.320232 1.716049 7.320546
v 11.718122 1.716049 7.320546
v 11.682019 1.716049 7.320546
v 11.356336 1.716049 5.394240
v 11.320232 1.716049 5.394240
v 11.718122 1.716049 5.394240
v 11.682019 1.716049 5.394240
v 10.556025 1.716049 6.194552
v 10.556025 1.716049 6.158449
v 10.556025 1.716049 6.556338
v 10.556025 1.716049 6.520235
v 12.482330 1.716049 6.194552
v 12.482330 1.716049 6.158449
v 12.482330 1.716049 6.556338
v 12.482330 1.716049 6.520235
v 12.482330 1.716049 5.394240
v 10.556025 1.716049 5.394240
v 10.556025 1.716049 7.320546
v 12.482330 1.716049 7.320546
vn -1.0000 -0.0000 -0.0000
vn 1.0000 -0.0000 -0.0000
vn -0.0000 -0.0000 1.0000
vn -0.0000 1.0000 -0.0000
vn -0.0000 -0.0000 -1.0000
vn -0.0000 0.2041 -0.9789
vn -0.0000 -0.2041 0.9789
vn -0.9500 -0.3122 -0.0000
vn 0.9500 0.3122 -0.0000
vn -0.0000 -0.9915 0.1300
vn -0.0000 0.3641 0.9314
vn -0.0000 -0.5308 -0.8475
vn -0.0000 0.9832 0.1828
vn -0.0000 0.9898 -0.1424
vn -0.0000 -0.9976 0.0699
vn -0.0000 -0.3446 -0.9387
vn -0.0000 0.5153 0.8570
vn -0.0000 -0.9818 -0.1900
vn -0.0000 -0.9915 -0.1300
vn -0.0000 0.3641 -0.9314
vn -0.0000 -0.5308 0.8475
vn -0.0000 0.9832 -0.1828
vn -0.0000 0.9898 0.1424
vn -0.0000 -0.9976 -0.0699
vn -0.0000 -0.3446 0.9387
vn -0.0000 0.5153 -0.8570
vn -0.0000 -0.9818 0.1900
vn -0.1300 -0.9915 -0.0000
vn -0.9314 0.3641 -0.0000
vn 0.8475 -0.5308 -0.0000
vn -0.1828 0.9832 -0.0000
vn 0.1424 0.9898 -0.0000
vn -0.0699 -0.9976 -0.0000
vn 0.9387 -0.3446 -0.0000
vn -0.8570 0.5153 -0.0000
vn 0.1900 -0.9818 -0.0000
vn 0.1300 -0.9915 -0.0000
vn 0.9314 0.3641 -0.0000
vn -0.8475 -0.5308 -0.0000
vn 0.1828 0.9832 -0.0000
vn -0.1424 0.9898 -0.0000
vn 0.0699 -0.9976 -0.0000
vn -0.9387 -0.3446 -0.0000
vn 0.8570 0.5153 -0.0000
vn -0.1900 -0.9818 -0.0000
vn -0.0000 -1.0000 -0.0000
vn -0.9780 0.2085 -0.0000
vn -0.0000 0.2085 -0.9780
vn 0.9780 0.2085 -0.0000
vn -0.0000 0.2085 0.9780
vt 0.375000 0.087491
vt 0.625000 0.087491
vt 0.625000 0.162509
vt 0.375000 0.162509
vt 0.375000 0.587491
vt 0.625000 0.587491
vt 0.625000 0.662509
vt 0.375000 0.662509
vt 0.375000 0.750000
vt 0.625000 0.750000
vt 0.625000 0.831670
vt 0.375000 0.831670
vt 0.625000 0.668330
vt 0.706670 0.668330
vt 0.706670 0.750000
vt 0.375000 0.168330
vt 0.625000 0.168330
vt 0.625000 0.250000
vt 0.375000 0.250000
vt 0.712491 0.668330
vt 0.787509 0.668330
vt 0.787509 0.750000
vt 0.712491 0.750000
vt 0.793330 0.668330
vt 0.875000 0.668330
vt 0.875000 0.750000
vt 0.793330 0.750000
vt 0.375000 0.837491
vt 0.625000 0.837491
vt 0.625000 0.912509
vt 0.375000 0.912509
vt 0.375000 0.918330
vt 0.625000 0.918330
vt 0.625000 1.000000
vt 0.375000 1.000000
vt 0.793330 0.500000
vt 0.875000 0.500000
vt 0.875000 0.581670
vt 0.793330 0.581670
vt 0.375000 0.418330
vt 0.625000 0.418330
vt 0.625000 0.500000
vt 0.375000 0.500000
vt 0.625000 0.331670
vt 0.375000 0.331670
vt 0.375000 0.000000
vt 0.625000 0.000000
vt 0.625000 0.081670
vt 0.375000 0.081670
vt 0.706670 0.500000
vt 0.706670 0.581670
vt 0.625000 0.581670
vt 0.617535 0.449813
vt 0.599198 0.449813
vt 0.577998 0.514339
vt 0.596335 0.514339
vt 1.005687 0.449813
vt 0.984487 0.514339
vt 0.712491 0.587491
vt 0.787509 0.587491
vt 0.787509 0.662509
vt 0.712491 0.662509
vt 0.712491 0.500000
vt 0.787509 0.500000
vt 0.787509 0.581670
vt 0.712491 0.581670
vt 0.375000 0.668330
vt 0.375000 0.337491
vt 0.625000 0.337491
vt 0.625000 0.412509
vt 0.375000 0.412509
vt 0.375000 0.581670
vt 0.706670 0.587491
vt 0.706670 0.662509
vt 0.433779 0.449813
vt 0.412580 0.514339
vt 0.793330 0.587491
vt 0.875000 0.587491
vt 0.875000 0.662509
vt 0.793330 0.662509
vt 0.415442 0.449813
vt 0.394242 0.514339
vt 0.427750 0.449813
vt 0.409413 0.449813
vt 0.395965 0.514339
vt 0.414302 0.514339
vt 0.027290 0.449813
vt 0.006091 0.514339
vt 0.611506 0.449813
vt 0.593169 0.449813
vt 0.579721 0.514339
vt 0.598058 0.514339
vt 0.021262 0.449813
vt 0.007813 0.514339
vt 0.999658 0.449813
vt 0.986210 0.514339
vt 0.021262 0.449813
vt 0.007813 0.514339
vt 0.000000 0.825543
vt 1.000000 0.825543
vt 1.000000 1.000000
vt 0.000000 1.000000
vt 0.000000 0.500000
vt 1.000000 0.500000
vt 1.000000 0.651086
vt 0.000000 0.651086
vt 0.000000 0.738314
vt 1.000000 0.738314
vt 0.206670 0.738741
vt 0.212491 0.738741
vt 0.212491 0.750000
vt 0.206670 0.750000
vt 0.287509 0.738741
vt 0.293330 0.738741
vt 0.293330 0.750000
vt 0.287509 0.750000
vt 0.212491 0.511259
vt 0.206670 0.511259
vt 0.206670 0.500000
vt 0.212491 0.500000
vt 0.293330 0.511259
vt 0.287509 0.511259
vt 0.287509 0.500000
vt 0.293330 0.500000
vt 0.136259 0.581670
vt 0.136259 0.587491
vt 0.125000 0.587491
vt 0.125000 0.581670
vt 0.136259 0.662509
vt 0.136259 0.668330
vt 0.125000 0.668330
vt 0.125000 0.662509
vt 0.363741 0.587491
vt 0.363741 0.581670
vt 0.363741 0.668330
vt 0.363741 0.662509
vt 0.363741 0.511259
vt 0.136259 0.511259
vt 0.125000 0.500000
vt 0.136259 0.738741
vt 0.125000 0.750000
vt 0.363741 0.738741
vt 0.412580 0.986406
vt 0.577998 0.986406
vt 0.577998 0.598098
vt 0.412580 0.598098
vt 0.596335 0.986406
vt 0.984487 0.986406
vt 0.984487 0.598098
vt 0.596335 0.598098
vt 0.596335 0.395923
vt 0.984487 0.395923
vt 0.984487 0.007614
vt 0.596335 0.007614
vt 0.412580 0.395923
vt 0.577998 0.395923
vt 0.577998 0.007614
vt 0.412580 0.007614
vt 0.006091 0.986406
vt 0.394242 0.986406
vt 0.394242 0.598098
vt 0.006091 0.598098
vt 0.412580 0.579753
vt 0.577998 0.579753
vt 0.577998 0.414267
vt 0.412580 0.414267
vt 0.006091 0.395923
vt 0.394242 0.395923
vt 0.394242 0.007614
vt 0.006091 0.007614
vt 0.596335 0.579753
vt 0.984487 0.579753
vt 0.984487 0.414267
vt 0.596335 0.414267
vt 0.006091 0.579753
vt 0.394242 0.579753
vt 0.394242 0.414267
vt 0.006091 0.414267
s 0
usemtl vertex_colors
f 2298/1295/1244 2171/1296/1244 2174/1297/1244 2167/1298/1244
f 2300/1299/1245 2179/1300/1245 2182/1301/1245 2301/1302/1245
f 2306/1303/1246 2148/1304/1246 2164/1305/1246 2161/1306/1246
f 2181/1307/1247 2187/1308/1247 2164/1309/1247 2148/1304/1247
f 2296/1310/1244 2173/1311/1244 2146/1312/1244 2304/1313/1244
f 2190/1314/1247 2196/1315/1247 2166/1316/1247 2163/1317/1247
f 2195/1318/1247 2172/1319/1247 2144/1320/1247 2165/1321/1247
f 2290/1322/1246 2163/1323/1246 2166/1324/1246 2159/1325/1246
f 2288/1326/1246 2165/1327/1246 2144/1328/1246 2305/1329/1246
f 2155/1330/1247 2146/1331/1247 2173/1332/1247 2191/1333/1247
f 2293/1334/1248 2158/1335/1248 2150/1336/1248 2303/1337/1248
f 2304/1313/1248 2146/1312/1248 2155/1338/1248 2292/1339/1248
f 2305/1340/1244 2144/1341/1244 2172/1342/1244 2169/1343/1244
f 2150/1336/1247 2158/1344/1247 2183/1345/1247 2180/1346/1247
f 2185/1353/1247 2193/1354/1247 2197/1355/1247 2189/1356/1247
f 2157/1357/1247 2156/1358/1247 2194/1359/1247 2184/1360/1247
f 2302/1361/1245 2181/1307/1245 2148/1304/1245 2306/1303/1245
f 2291/1362/1248 2156/1363/1248 2157/1364/1248 2294/1365/1248
f 2303/1337/1245 2150/1336/1245 2180/1346/1245 2299/1366/1245
f 2179/1300/1247 2186/1367/1247 2188/1368/1247 2182/1301/1247
f 2192/1371/1247 2174/1372/1247 2171/1373/1247 2198/1374/1247
f 2183/1345/1247 2184/1360/1247 2185/1353/1247 2186/1367/1247
f 2187/1308/1247 2188/1368/1247 2189/1356/1247 2190/1314/1247
f 2191/1333/1247 2192/1371/1247 2193/1354/1247 2194/1359/1247
f 2195/1318/1247 2196/1315/1247 2197/1355/1247 2198/1374/1247
f 2190/1314/1247 2163/1317/1247 2164/1309/1247 2187/1308/1247
f 2195/1318/1247 2165/1321/1247 2166/1316/1247 2196/1315/1247
f 2163/1323/1246 2290/1322/1246 2161/1306/1246 2164/1305/1246
f 2165/1327/1246 2288/1326/1246 2159/1325/1246 2166/1324/1246
f 2156/1363/1248 2291/1362/1248 2292/1339/1248 2155/1338/1248
f 2158/1335/1248 2293/1334/1248 2294/1365/1248 2157/1364/1248
f 2157/1357/1247 2184/1360/1247 2183/1345/1247 2158/1344/1247
f 2185/1353/1247 2189/1356/1247 2188/1368/1247 2186/1367/1247
f 2155/1330/1247 2191/1333/1247 2194/1359/1247 2156/1358/1247
f 2192/1371/1247 2198/1374/1247 2197/1355/1247 2193/1354/1247
f 2193/1354/1247 2185/1353/1247 2184/1360/1247 2194/1359/1247
f 2196/1315/1247 2190/1314/1247 2189/1356/1247 2197/1355/1247
f 2186/1367/1247 2179/1300/1247 2180/1346/1247 2183/1345/1247
f 2187/1308/1247 2181/1307/1247 2182/1301/1247 2188/1368/1247
f 2174/1372/1247 2192/1371/1247 2191/1333/1247 2173/1332/1247
f 2172/1319/1247 2195/1318/1247 2198/1374/1247 2171/1373/1247
f 2179/1300/1245 2300/1299/1245 2299/1366/1245 2180/1346/1245
f 2181/1307/1245 2302/1361/1245 2301/1302/1245 2182/1301/1245
f 2171/1296/1244 2298/1295/1244 2169/1343/1244 2172/1342/1244
f 2173/1311/1244 2296/1310/1244 2167/1298/1244 2174/1297/1244
f 2206/1393/1253 2205/1394/1253 2200/1395/1253 2199/1396/1253
f 2201/1397/1247 2202/1398/1247 2203/1399/1247 2204/1400/1247
f 2207/1401/1254 2208/1402/1254 2205/1394/1254 2206/1393/1254
f 2199/1396/1255 2200/1395/1255 2202/1395/1255 2201/1396/1255
f 2204/1400/1256 2203/1399/1256 2208/1402/1256 2207/1401/1256
f 2216/1393/1257 2209/1396/1257 2210/1395/1257 2215/1394/1257
f 2211/1397/1258 2214/1400/1258 2213/1399/1258 2212/1398/1258
f 2217/1401/1259 2216/1393/1259 2215/1394/1259 2218/1402/1259
f 2209/1396/1260 2211/1396/1260 2212/1395/1260 2210/1395/1260
f 2214/1400/1261 2217/1401/1261 2218/1402/1261 2213/1399/1261
f 2200/1395/1245 2205/1394/1245 2215/1394/1245 2210/1395/1245
f 2201/1397/1244 2204/1400/1244 2214/1400/1244 2211/1397/1244
f 2203/1399/1245 2202/1398/1245 2212/1398/1245 2213/1399/1245
f 2204/1400/1244 2207/1401/1244 2217/1401/1244 2214/1400/1244
f 2205/1394/1245 2208/1402/1245 2218/1402/1245 2215/1394/1245
f 2206/1393/1244 2199/1396/1244 2209/1396/1244 2216/1393/1244
f 2202/1395/1245 2200/1395/1245 2210/1395/1245 2212/1395/1245
f 2207/1401/1244 2206/1393/1244 2216/1393/1244 2217/1401/1244
f 2208/1402/1245 2203/1399/1245 2213/1399/1245 2218/1402/1245
f 2199/1396/1244 2201/1396/1244 2211/1396/1244 2209/1396/1244
f 2226/1393/1262 2219/1396/1262 2220/1395/1262 2225/1394/1262
f 2221/1397/1247 2224/1400/1247 2223/1399/1247 2222/1398/1247
f 2227/1401/1263 2226/1393/1263 2225/1394/1263 2228/1402/1263
f 2219/1396/1264 2221/1396/1264 2222/1395/1264 2220/1395/1264
f 2224/1400/1265 2227/1401/1265 2228/1402/1265 2223/1399/1265
f 2236/1393/1266 2235/1394/1266 2230/1395/1266 2229/1396/1266
f 2231/1397/1267 2232/1398/1267 2233/1399/1267 2234/1400/1267
f 2237/1401/1268 2238/1402/1268 2235/1394/1268 2236/1393/1268
f 2229/1396/1269 2230/1395/1269 2232/1395/1269 2231/1396/1269
f 2234/1400/1270 2233/1399/1270 2238/1402/1270 2237/1401/1270
f 2220/1395/1245 2230/1395/1245 2235/1394/1245 2225/1394/1245
f 2221/1397/1244 2231/1397/1244 2234/1400/1244 2224/1400/1244
f 2223/1399/1245 2233/1399/1245 2232/1398/1245 2222/1398/1245
f 2224/1400/1244 2234/1400/1244 2237/1401/1244 2227/1401/1244
f 2225/1394/1245 2235/1394/1245 2238/1402/1245 2228/1402/1245
f 2226/1393/1244 2236/1393/1244 2229/1396/1244 2219/1396/1244
f 2222/1395/1245 2232/1395/1245 2230/1395/1245 2220/1395/1245
f 2227/1401/1244 2237/1401/1244 2236/1393/1244 2226/1393/1244
f 2228/1402/1245 2238/1402/1245 2233/1399/1245 2223/1399/1245
f 2219/1396/1244 2229/1396/1244 2231/1396/1244 2221/1396/1244
f 2246/1393/1271 2245/1394/1271 2240/1395/1271 2239/1396/1271
f 2241/1397/1247 2242/1398/1247 2243/1399/1247 2244/1400/1247
f 2247/1401/1272 2248/1402/1272 2245/1394/1272 2246/1393/1272
f 2239/1396/1273 2240/1395/1273 2242/1395/1273 2241/1396/1273
f 2244/1400/1274 2243/1399/1274 2248/1402/1274 2247/1401/1274
f 2256/1393/1275 2249/1396/1275 2250/1395/1275 2255/1394/1275
f 2251/1397/1276 2254/1400/1276 2253/1399/1276 2252/1398/1276
f 2257/1401/1277 2256/1393/1277 2255/1394/1277 2258/1402/1277
f 2249/1396/1278 2251/1396/1278 2252/1395/1278 2250/1395/1278
f 2254/1400/1279 2257/1401/1279 2258/1402/1279 2253/1399/1279
f 2240/1395/1246 2245/1394/1246 2255/1394/1246 2250/1395/1246
f 2241/1397/1248 2244/1400/1248 2254/1400/1248 2251/1397/1248
f 2243/1399/1246 2242/1398/1246 2252/1398/1246 2253/1399/1246
f 2244/1400/1248 2247/1401/1248 2257/1401/1248 2254/1400/1248
f 2245/1394/1246 2248/1402/1246 2258/1402/1246 2255/1394/1246
f 2246/1393/1248 2239/1396/1248 2249/1396/1248 2256/1393/1248
f 2242/1395/1246 2240/1395/1246 2250/1395/1246 2252/1395/1246
f 2247/1401/1248 2246/1393/1248 2256/1393/1248 2257/1401/1248
f 2248/1402/1246 2243/1399/1246 2253/1399/1246 2258/1402/1246
f 2239/1396/1248 2241/1396/1248 2251/1396/1248 2249/1396/1248
f 2266/1393/1280 2259/1396/1280 2260/1395/1280 2265/1394/1280
f 2261/1397/1247 2264/1400/1247 2263/1399/1247 2262/1398/1247
f 2267/1401/1281 2266/1393/1281 2265/1394/1281 2268/1402/1281
f 2259/1396/1282 2261/1396/1282 2262/1395/1282 2260/1395/1282
f 2264/1400/1283 2267/1401/1283 2268/1402/1283 2263/1399/1283
f 2276/1393/1284 2275/1394/1284 2270/1395/1284 2269/1396/1284
f 2271/1397/1285 2272/1398/1285 2273/1399/1285 2274/1400/1285
f 2277/1401/1286 2278/1402/1286 2275/1394/1286 2276/1393/1286
f 2269/1396/1287 2270/1395/1287 2272/1395/1287 2271/1396/1287
f 2274/1400/1288 2273/1399/1288 2278/1402/1288 2277/1401/1288
f 2260/1395/1246 2270/1395/1246 2275/1394/1246 2265/1394/1246
f 2261/1397/1248 2271/1397/1248 2274/1400/1248 2264/1400/1248
f 2263/1399/1246 2273/1399/1246 2272/1398/1246 2262/1398/1246
f 2264/1400/1248 2274/1400/1248 2277/1401/1248 2267/1401/1248
f 2265/1394/1246 2275/1394/1246 2278/1402/1246 2268/1402/1246
f 2266/1393/1248 2276/1393/1248 2269/1396/1248 2259/1396/1248
f 2262/1395/1246 2272/1395/1246 2270/1395/1246 2260/1395/1246
f 2267/1401/1248 2277/1401/1248 2276/1393/1248 2266/1393/1248
f 2268/1402/1246 2278/1402/1246 2273/1399/1246 2263/1399/1246
f 2259/1396/1248 2269/1396/1248 2271/1396/1248 2261/1396/1248
f 2279/1353/1289 2280/1356/1289 2282/1355/1289 2281/1354/1289
f 2283/1353/1247 2286/1354/1247 2285/1355/1247 2284/1356/1247
f 2281/1354/1290 2282/1355/1290 2285/1355/1290 2286/1354/1290
f 2279/1353/1291 2281/1354/1291 2286/1354/1291 2283/1353/1291
f 2280/1356/1292 2279/1353/1292 2283/1353/1292 2284/1356/1292
f 2282/1355/1293 2280/1356/1293 2284/1356/1293 2285/1355/1293
f 2160/1403/1289 2287/1404/1289 2159/1405/1289 2288/1406/1289
f 2162/1407/1289 2289/1408/1289 2161/1409/1289 2290/1410/1289
f 2153/1411/1289 2154/1412/1289 2292/1413/1289 2291/1414/1289
f 2151/1415/1289 2152/1416/1289 2294/1417/1289 2293/1418/1289
f 2168/1419/1289 2295/1420/1289 2167/1421/1289 2296/1422/1289
f 2170/1423/1289 2297/1424/1289 2169/1425/1289 2298/1426/1289
f 2178/1427/1289 2177/1428/1289 2299/1366/1289 2300/1299/1289
f 2176/1429/1289 2175/1430/1289 2301/1302/1289 2302/1361/1289
f 2149/1431/1289 2151/1415/1289 2293/1418/1289 2303/1337/1289
f 2177/1428/1289 2149/1431/1289 2303/1337/1289 2299/1366/1289
f 2152/1416/1289 2153/1411/1289 2291/1414/1289 2294/1417/1289
f 2145/1432/1289 2168/1419/1289 2296/1422/1289 2304/1433/1289
f 2154/1412/1289 2145/1432/1289 2304/1433/1289 2292/1413/1289
f 2297/1424/1289 2143/1434/1289 2305/1435/1289 2169/1425/1289
f 2143/1434/1289 2160/1403/1289 2288/1406/1289 2305/1435/1289
f 2287/1404/1289 2162/1407/1289 2290/1410/1289 2159/1405/1289
f 2289/1408/1289 2147/1436/1289 2306/1303/1289 2161/1409/1289
f 2147/1436/1289 2176/1429/1289 2302/1361/1289 2306/1303/1289
f 2295/1420/1289 2170/1423/1289 2298/1426/1289 2167/1421/1289
f 2175/1430/1289 2178/1427/1289 2300/1299/1289 2301/1302/1289
usemtl catPattern
f 2289/1347/1249 2162/1348/1249 2326/1349/1249 2325/1350/1249
f 2151/1347/1250 2149/1351/1250 2339/1352/1250 2329/1350/1250
f 2162/1348/1249 2287/1369/1249 2323/1370/1249 2326/1349/1249
f 2287/1369/1249 2160/1375/1249 2324/1376/1249 2323/1370/1249
f 2175/1377/1251 2176/1378/1251 2337/1379/1251 2338/1380/1251
f 2160/1375/1249 2143/1381/1249 2341/1382/1249 2324/1376/1249
f 2177/1383/1251 2178/1384/1251 2335/1385/1251 2336/1386/1251
f 2143/1387/1252 2297/1378/1252 2333/1379/1252 2341/1388/1252
f 2297/1378/1252 2170/1377/1252 2334/1380/1252 2333/1379/1252
f 2145/1381/1250 2154/1375/1250 2328/1376/1250 2340/1382/1250
f 2178/1384/1251 2175/1377/1251 2338/1380/1251 2335/1385/1251
f 2295/1384/1252 2168/1383/1252 2332/1386/1252 2331/1385/1252
f 2168/1383/1252 2145/1389/1252 2340/1390/1252 2332/1386/1252
f 2170/1377/1252 2295/1384/1252 2331/1385/1252 2334/1380/1252
f 2152/1348/1250 2151/1347/1250 2329/1350/1250 2330/1349/1250
f 2153/1369/1250 2152/1348/1250 2330/1349/1250 2327/1370/1250
f 2176/1378/1251 2147/1391/1251 2342/1392/1251 2337/1379/1251
f 2154/1375/1250 2153/1369/1250 2327/1370/1250 2328/1376/1250
f 2149/1389/1251 2177/1383/1251 2336/1386/1251 2339/1390/1251
f 2147/1351/1249 2289/1347/1249 2325/1350/1249 2342/1352/1249
f 2327/1437/1289 2330/1438/1289 2315/1439/1289 2309/1440/1289
f 2329/1441/1289 2339/1442/1289 2336/1443/1289 2316/1444/1289
f 2320/1445/1289 2337/1446/1289 2342/1447/1289 2325/1448/1289
f 2311/1449/1289 2321/1450/1289 2326/1451/1289 2323/1452/1289
f 2340/1453/1289 2328/1454/1289 2308/1455/1289 2332/1456/1289
f 2310/1457/1289 2318/1458/1289 2322/1459/1289 2314/1460/1289
f 2333/1461/1289 2312/1462/1289 2324/1463/1289 2341/1464/1289
f 2317/1465/1289 2335/1466/1289 2338/1467/1289 2319/1468/1289
f 2331/1469/1289 2307/1470/1289 2313/1471/1289 2334/1472/1289
f 2308/1455/1289 2309/1440/1289 2310/1457/1289 2307/1470/1289
f 2312/1462/1289 2313/1471/1289 2314/1460/1289 2311/1449/1289
f 2316/1444/1289 2317/1465/1289 2318/1458/1289 2315/1439/1289
f 2320/1445/1289 2321/1450/1289 2322/1459/1289 2319/1468/1289
f 2311/1449/1289 2323/1452/1289 2324/1463/1289 2312/1462/1289
f 2320/1445/1289 2325/1448/1289 2326/1451/1289 2321/1450/1289
f 2327/1437/1289 2309/1440/1289 2308/1455/1289 2328/1454/1289
f 2310/1457/1289 2314/1460/1289 2313/1471/1289 2307/1470/1289
f 2329/1441/1289 2316/1444/1289 2315/1439/1289 2330/1438/1289
f 2317/1465/1289 2319/1468/1289 2322/1459/1289 2318/1458/1289
f 2318/1458/1289 2310/1457/1289 2309/1440/1289 2315/1439/1289
f 2321/1450/1289 2311/1449/1289 2314/1460/1289 2322/1459/1289
f 2307/1470/1289 2331/1469/1289 2332/1456/1289 2308/1455/1289
f 2312/1462/1289 2333/1461/1289 2334/1472/1289 2313/1471/1289
f 2335/1466/1289 2317/1465/1289 2316/1444/1289 2336/1443/1289
f 2337/1446/1289 2320/1445/1289 2319/1468/1289 2338/1467/1289
o Present_Box_open
v 10.560916 -0.000800 7.330915
v 10.560916 1.752668 7.330915
v 10.560916 -0.000800 5.330915
v 10.560916 1.752668 5.330915
v 12.560916 -0.000800 7.330915
v 12.560916 1.752668 7.330915
v 12.560916 -0.000800 5.330915
v 12.560916 1.752668 5.330915
v 10.560916 -0.000800 6.182300
v 10.560916 -0.000800 6.146197
v 10.560916 -0.000800 6.515634
v 10.560916 -0.000800 6.479531
v 10.560916 1.752668 6.479531
v 10.560916 1.752668 6.515634
v 10.560916 1.752668 6.146197
v 10.560916 1.752668 6.182300
v 12.560916 -0.000800 6.515634
v 12.560916 -0.000800 6.479531
v 12.560916 -0.000800 6.182300
v 12.560916 -0.000800 6.146197
v 12.560916 1.752668 6.182300
v 12.560916 1.752668 6.146197
v 12.560916 1.752668 6.515634
v 12.560916 1.752668 6.479531
v 11.709531 -0.000800 5.330915
v 11.745634 -0.000800 5.330915
v 11.376198 -0.000800 5.330915
v 11.412301 -0.000800 5.330915
v 11.412301 1.752668 5.330915
v 11.376198 1.752668 5.330915
v 11.745634 1.752668 5.330915
v 11.709531 1.752668 5.330915
v 11.412301 -0.000800 7.330915
v 11.376198 -0.000800 7.330915
v 11.745634 -0.000800 7.330915
v 11.709531 -0.000800 7.330915
v 11.709531 1.752668 7.330915
v 11.745634 1.752668 7.330915
v 11.376198 1.752668 7.330915
v 11.412301 1.752668 7.330915
v 11.745634 -0.000800 6.146197
v 11.745634 -0.000800 6.182300
v 11.709531 -0.000800 6.182300
v 11.709531 -0.000800 6.146197
v 11.376198 -0.000800 6.146197
v 11.412301 -0.000800 6.146197
v 11.412301 -0.000800 6.182300
v 11.376198 -0.000800 6.182300
v 11.745634 -0.000800 6.515634
v 11.709531 -0.000800 6.515634
v 11.709531 -0.000800 6.479531
v 11.745634 -0.000800 6.479531
v 11.376198 -0.000800 6.515634
v 11.376198 -0.000800 6.479531
v 11.412301 -0.000800 6.479531
v 11.412301 -0.000800 6.515634
v 10.653104 1.752668 7.238727
v 10.653104 1.752668 5.423104
v 12.468728 1.752668 7.238727
v 12.468728 1.752668 5.423104
v 10.653104 1.752668 6.330915
v 12.468728 1.752668 6.330915
v 12.468728 0.041681 6.330915
v 10.653104 0.041681 6.330915
v 12.468728 0.041681 5.423104
v 11.560916 1.752668 5.423104
v 12.468728 0.041681 7.238727
v 10.653104 0.041681 5.423104
v 10.653104 0.041681 7.238727
v 11.560916 1.752668 7.238727
v 11.560916 0.041681 7.238727
v 11.560916 0.041681 5.423104
vn -0.0000 -1.0000 -0.0000
vn -0.0000 -0.0000 -1.0000
vn -0.0000 -0.0000 1.0000
vn 1.0000 -0.0000 -0.0000
vn -1.0000 -0.0000 -0.0000
vn -0.0000 1.0000 -0.0000
vt 0.125000 0.668472
vt 0.206528 0.668472
vt 0.206528 0.750000
vt 0.125000 0.750000
vt 0.375000 0.337846
vt 0.625000 0.337846
vt 0.625000 0.412154
vt 0.375000 0.412154
vt 0.293472 0.587846
vt 0.375000 0.587846
vt 0.375000 0.662154
vt 0.293472 0.662154
vt 0.375000 0.837846
vt 0.625000 0.837846
vt 0.625000 0.912154
vt 0.375000 0.912154
vt 0.625000 0.587846
vt 0.625000 0.662154
vt 0.375000 0.662154
vt 0.375000 0.418472
vt 0.625000 0.418472
vt 0.625000 0.500000
vt 0.375000 0.500000
vt 0.625000 0.581528
vt 0.375000 0.581528
vt 0.293472 0.500000
vt 0.375000 0.581528
vt 0.293472 0.581528
vt 0.375000 0.668472
vt 0.625000 0.668472
vt 0.625000 0.750000
vt 0.375000 0.750000
vt 0.293472 0.668472
vt 0.293472 0.750000
vt 0.125000 0.587846
vt 0.206528 0.587846
vt 0.206528 0.662154
vt 0.125000 0.662154
vt 0.375000 0.168472
vt 0.625000 0.168472
vt 0.625000 0.250000
vt 0.375000 0.250000
vt 0.375000 0.087846
vt 0.625000 0.087846
vt 0.625000 0.162154
vt 0.375000 0.162154
vt 0.625000 0.331528
vt 0.375000 0.331528
vt 0.375000 0.000000
vt 0.625000 0.000000
vt 0.625000 0.081528
vt 0.375000 0.081528
vt 0.625000 0.831528
vt 0.375000 0.831528
vt 0.212846 0.587846
vt 0.287154 0.587846
vt 0.287154 0.662154
vt 0.212846 0.662154
vt 0.212846 0.668472
vt 0.287154 0.668472
vt 0.287154 0.750000
vt 0.212846 0.750000
vt 0.375000 0.918472
vt 0.625000 0.918472
vt 0.625000 1.000000
vt 0.375000 1.000000
vt 0.212846 0.500000
vt 0.287154 0.500000
vt 0.287154 0.581528
vt 0.212846 0.581528
vt 0.206528 0.581528
vt 0.125000 0.581528
vt 0.206528 0.500000
vt 0.125000 0.500000
vt 1.000000 1.023538
vt 0.500000 1.023538
vt 0.500000 0.081169
vt 1.000000 0.081169
vt 0.000000 1.023538
vt 0.000000 0.081169
vt 0.000000 0.000000
vt 0.500000 0.000000
vt 1.000000 0.000000
vt 1.000000 0.500000
vt 1.000000 1.000000
vt 0.500000 1.000000
vt 0.000000 1.000000
vt 0.000000 0.500000
s 0
usemtl vertex_colors
f 2353/1473/1294 2395/1474/1294 2376/1475/1294 2343/1476/1294
f 2370/1477/1295 2371/1478/1295 2374/1479/1295 2367/1480/1295
f 2384/1481/1294 2361/1482/1294 2360/1483/1294 2394/1484/1294
f 2378/1485/1296 2379/1486/1296 2382/1487/1296 2375/1488/1296
f 2361/1482/1297 2363/1489/1297 2366/1490/1297 2360/1491/1297
f 2368/1492/1295 2373/1493/1295 2350/1494/1295 2349/1495/1295
f 2349/1495/1297 2350/1494/1297 2364/1496/1297 2362/1497/1297
f 2368/1498/1294 2349/1495/1294 2362/1499/1294 2383/1500/1294
f 2359/1501/1297 2365/1502/1297 2348/1503/1297 2347/1504/1297
f 2391/1505/1294 2359/1501/1294 2347/1504/1294 2377/1506/1294
f 2351/1507/1294 2390/1508/1294 2396/1509/1294 2354/1510/1294
f 2352/1511/1298 2357/1512/1298 2346/1513/1298 2345/1514/1298
f 2354/1515/1298 2355/1516/1298 2358/1517/1298 2351/1518/1298
f 2345/1514/1295 2346/1513/1295 2372/1519/1295 2369/1520/1295
f 2343/1521/1298 2344/1522/1298 2356/1523/1298 2353/1524/1298
f 2347/1504/1296 2348/1503/1296 2380/1525/1296 2377/1526/1296
f 2389/1527/1294 2385/1528/1294 2393/1529/1294 2397/1530/1294
f 2398/1531/1294 2392/1532/1294 2378/1533/1294 2375/1534/1294
f 2376/1535/1296 2381/1536/1296 2344/1537/1296 2343/1538/1296
f 2370/1539/1294 2367/1540/1294 2386/1541/1294 2388/1542/1294
f 2383/1500/1294 2384/1481/1294 2385/1528/1294 2386/1541/1294
f 2387/1543/1294 2388/1542/1294 2389/1527/1294 2390/1508/1294
f 2391/1505/1294 2392/1532/1294 2393/1529/1294 2394/1484/1294
f 2395/1474/1294 2396/1509/1294 2397/1530/1294 2398/1531/1294
f 2390/1508/1294 2351/1507/1294 2352/1544/1294 2387/1543/1294
f 2395/1474/1294 2353/1473/1294 2354/1510/1294 2396/1509/1294
f 2363/1489/1297 2361/1482/1297 2362/1497/1297 2364/1496/1297
f 2365/1502/1297 2359/1501/1297 2360/1491/1297 2366/1490/1297
f 2355/1516/1298 2354/1515/1298 2353/1524/1298 2356/1523/1298
f 2357/1512/1298 2352/1511/1298 2351/1518/1298 2358/1517/1298
f 2361/1482/1294 2384/1481/1294 2383/1500/1294 2362/1499/1294
f 2385/1528/1294 2389/1527/1294 2388/1542/1294 2386/1541/1294
f 2359/1501/1294 2391/1505/1294 2394/1484/1294 2360/1483/1294
f 2392/1532/1294 2398/1531/1294 2397/1530/1294 2393/1529/1294
f 2389/1527/1294 2397/1530/1294 2396/1509/1294 2390/1508/1294
f 2384/1481/1294 2394/1484/1294 2393/1529/1294 2385/1528/1294
f 2370/1539/1294 2388/1542/1294 2387/1543/1294 2369/1545/1294
f 2368/1498/1294 2383/1500/1294 2386/1541/1294 2367/1540/1294
f 2398/1531/1294 2375/1534/1294 2376/1475/1294 2395/1474/1294
f 2391/1505/1294 2377/1506/1294 2378/1533/1294 2392/1532/1294
f 2379/1486/1296 2378/1485/1296 2377/1526/1296 2380/1525/1296
f 2381/1536/1296 2376/1535/1296 2375/1488/1296 2382/1487/1296
f 2371/1478/1295 2370/1477/1295 2369/1520/1295 2372/1519/1295
f 2373/1493/1295 2368/1492/1295 2367/1480/1295 2374/1479/1295
f 2345/1546/1294 2369/1545/1294 2387/1543/1294 2352/1544/1294
f 2364/1496/1299 2350/1494/1299 2402/1494/1299 2404/1496/1299
f 2356/1523/1299 2344/1522/1299 2399/1522/1299 2403/1523/1299
f 2382/1487/1299 2379/1486/1299 2412/1487/1299
f 2380/1525/1299 2348/1503/1299 2401/1503/1299 2412/1525/1299
f 2350/1494/1299 2373/1493/1299 2408/1493/1299 2402/1494/1299
f 2371/1478/1299 2372/1519/1299 2408/1478/1299
f 2363/1489/1299 2364/1496/1299 2404/1489/1299
f 2355/1516/1299 2356/1523/1299 2403/1516/1299
f 2379/1486/1299 2380/1525/1299 2412/1486/1299
f 2358/1517/1299 2355/1516/1299 2403/1517/1299
f 2374/1479/1299 2371/1478/1299 2408/1479/1299
f 2366/1490/1299 2363/1489/1299 2404/1490/1299
f 2346/1513/1299 2357/1512/1299 2403/1512/1299 2400/1513/1299
f 2372/1519/1299 2346/1513/1299 2400/1513/1299 2408/1519/1299
f 2373/1493/1299 2374/1479/1299 2408/1493/1299
f 2348/1503/1299 2365/1502/1299 2404/1502/1299 2401/1503/1299
f 2344/1537/1299 2381/1536/1299 2412/1536/1299 2399/1537/1299
f 2357/1512/1299 2358/1517/1299 2403/1512/1299
f 2365/1502/1299 2366/1490/1299 2404/1502/1299
f 2381/1536/1299 2382/1487/1299 2412/1536/1299
usemtl catPattern
f 2400/1547/1297 2403/1548/1297 2406/1549/1297 2410/1550/1297
f 2402/1547/1296 2408/1548/1296 2414/1549/1296 2407/1550/1296
f 2403/1548/1297 2399/1551/1297 2411/1552/1297 2406/1549/1297
f 2401/1551/1298 2404/1548/1298 2405/1549/1298 2409/1552/1298
f 2404/1548/1298 2402/1547/1298 2407/1550/1298 2405/1549/1298
f 2399/1551/1295 2412/1548/1295 2413/1549/1295 2411/1552/1295
f 2408/1548/1296 2400/1551/1296 2410/1552/1296 2414/1549/1296
f 2412/1548/1295 2401/1547/1295 2409/1550/1295 2413/1549/1295
f 2411/1553/1299 2413/1554/1299 2409/1555/1299 2405/1556/1299 2407/1557/1299 2414/1558/1299 2410/1559/1299 2406/1560/1299
o kid_body_Feet_Right
v -0.392443 1.788869 -0.539819
v -0.392443 1.788869 0.539819
v -0.985410 1.788869 -0.539819
v -0.985410 1.788869 0.539819
v -0.875005 0.000000 -0.227668
v -0.875005 0.000000 0.227668
v -0.502848 0.000000 -0.227668
v -0.502848 0.000000 0.227668
v -0.979276 1.299222 0.522477
v -0.398577 1.299222 0.522477
v -0.979276 1.299222 -0.522477
v -0.398577 1.299222 -0.522477
vn -0.0000 -1.0000 -0.0000
vn -0.0000 -0.2213 0.9752
vn -0.9968 -0.0800 -0.0000
vn 0.9968 -0.0800 -0.0000
vn -0.0000 -0.2213 -0.9752
vn -0.0000 -0.0354 -0.9994
vn 0.9999 -0.0125 -0.0000
vn -0.9999 -0.0125 -0.0000
vn -0.0000 -0.0354 0.9994
vt 0.125000 0.500000
vt 0.375000 0.500000
vt 0.375000 0.750000
vt 0.125000 0.750000
vt 0.125000 0.750000
s 0
usemtl vertex_colors
f 2419/1561/1300 2421/1562/1300 2422/1563/1300 2420/1564/1300
f 2424/1563/1301 2423/1565/1301 2420/1564/1301 2422/1563/1301
f 2423/1565/1302 2425/1561/1302 2419/1561/1302 2420/1564/1302
f 2426/1562/1303 2424/1563/1303 2422/1563/1303 2421/1562/1303
f 2425/1561/1304 2426/1562/1304 2421/1562/1304 2419/1561/1304
f 2417/1561/1305 2415/1562/1305 2426/1562/1305 2425/1561/1305
f 2415/1562/1306 2416/1563/1306 2424/1563/1306 2426/1562/1306
f 2418/1564/1307 2417/1561/1307 2425/1561/1307 2423/1565/1307
f 2416/1563/1308 2418/1564/1308 2423/1565/1308 2424/1563/1308
o kid_body_Feet_Left
v 0.392443 1.788869 -0.539819
v 0.392443 1.788869 0.539819
v 0.985409 1.788869 -0.539819
v 0.985409 1.788869 0.539819
v 0.875005 0.000000 -0.227668
v 0.875005 0.000000 0.227668
v 0.502847 0.000000 -0.227668
v 0.502847 0.000000 0.227668
v 0.979275 1.299222 0.522477
v 0.398576 1.299222 0.522477
v 0.979275 1.299222 -0.522477
v 0.398576 1.299222 -0.522477
vn -0.0000 -1.0000 -0.0000
vn -0.0000 -0.2213 0.9752
vn 0.9968 -0.0800 -0.0000
vn -0.9968 -0.0800 -0.0000
vn -0.0000 -0.2213 -0.9752
vn -0.0000 -0.0354 -0.9994
vn -0.9999 -0.0125 -0.0000
vn 0.9999 -0.0125 -0.0000
vn -0.0000 -0.0354 0.9994
vt 0.125000 0.500000
vt 0.125000 0.750000
vt 0.375000 0.750000
vt 0.375000 0.500000
vt 0.125000 0.750000
s 0
usemtl vertex_colors
f 2431/1566/1309 2432/1567/1309 2434/1568/1309 2433/1569/1309
f 2436/1568/1310 2434/1568/1310 2432/1567/1310 2435/1570/1310
f 2435/1570/1311 2432/1567/1311 2431/1566/1311 2437/1566/1311
f 2438/1569/1312 2433/1569/1312 2434/1568/1312 2436/1568/1312
f 2437/1566/1313 2431/1566/1313 2433/1569/1313 2438/1569/1313
f 2429/1566/1314 2437/1566/1314 2438/1569/1314 2427/1569/1314
f 2427/1569/1315 2438/1569/1315 2436/1568/1315 2428/1568/1315
f 2430/1567/1316 2435/1570/1316 2437/1566/1316 2429/1566/1316
f 2428/1568/1317 2436/1568/1317 2435/1570/1317 2430/1567/1317
